Identifier,2021-08-08,2021-08-09,2021-08-10,2021-08-11,2021-08-12,2021-08-13,2021-08-14,2021-08-15,2021-08-16,2021-08-17,2021-08-18,2021-08-19,2021-08-20,2021-08-21,2021-08-22,2021-08-23,2021-08-24,2021-08-25,2021-08-26,2021-08-27,2021-08-28,2021-08-29,2021-08-30,2021-08-31,2021-09-01,2021-09-02,2021-09-03,2021-09-04,2021-09-05,2021-09-06,2021-09-07,2021-09-08,2021-09-09,2021-09-10,2021-09-11,2021-09-12,2021-09-13,2021-09-14,2021-09-15,2021-09-16,2021-09-17,2021-09-18,2021-09-19,2021-09-20,2021-09-21,2021-09-22,2021-09-23,2021-09-24,2021-09-25,2021-09-26,2021-09-27,2021-09-28,2021-09-29,2021-09-30,2021-10-01,2021-10-02,2021-10-03,2021-10-04,2021-10-05,2021-10-06,2021-10-07,2021-10-08,2021-10-09,2021-10-10,2021-10-11,2021-10-12,2021-10-13,2021-10-14,2021-10-15,2021-10-16,2021-10-17,2021-10-18,2021-10-19,2021-10-20,2021-10-21,2021-10-22,2021-10-23,2021-10-24,2021-10-25,2021-10-26,2021-10-27,2021-10-28,2021-10-29,2021-10-30,2021-10-31,2021-11-01,2021-11-02,2021-11-03,2021-11-04,2021-11-05,2021-11-06,2021-11-07,2021-11-08,2021-11-09,2021-11-10,2021-11-11,2021-11-12,2021-11-13,2021-11-14,2021-11-15,2021-11-16,2021-11-17,2021-11-18,2021-11-19,2021-11-20,2021-11-21,2021-11-22,2021-11-23,2021-11-24,2021-11-25,2021-11-26,2021-11-27,2021-11-28,2021-11-29,2021-11-30,2021-12-01,2021-12-02,2021-12-03,2021-12-04,2021-12-05,2021-12-06,2021-12-07,2021-12-08,2021-12-09,2021-12-10,2021-12-11,2021-12-12,2021-12-13,2021-12-14,2021-12-15,2021-12-16,2021-12-17,2021-12-18,2021-12-19,2021-12-20,2021-12-21,2021-12-22,2021-12-23,2021-12-24,2021-12-25,2021-12-26,2021-12-27,2021-12-28,2021-12-29,2021-12-30,2021-12-31
Cumulative Cases,106,,140,170,193,207,214,225,288,344,428,493,557,579,605,743,861,987,1095,1192,1235,1273,1435,1606,1722,1874,1994,2036,2079,2138,2341,2510,2655,2777,2815,2842,2995,3034,3183,3285,3371,3400,3416,3540,3649,3738,3795,3826,3846,3860,3980,4044,4116,4154,4197,4210,4218,4273,4322,4366,4407,4446,4464,4467,4480,4539,4592,4633,4665,4672,4680,4718,4755,4776,4809,4837,4844,4847,4880,4908,4930,4956,4977,4980,4986,5026,5050,5073,5092,5101,5105,5105,5106,5171,5194,5213,5245,5254,5261,5304,5336,5367,5397,5425,5428,5432,5437,5445,5453,5458,5462,5463,5475,5529,5548,5573,5589,5602,5607,5616,5650,5674,5698,5715,5731,5738,5747,5817,5870,5942,6018,6090,6114,6132,6164,6195,6220,6257,6294,6303,6314,6358,6418,6461,6553,6647
Active Cases,54,,79,86,96,98,100,100,157,205,264,302,322,318,305,422,503,543,590,644,633,605,765,880,964,989,995,929,853,778,898,1001,1004,980,885,810,823,802,893,928,817,696,601,614,661,695,660,646,534,462,500,510,550,505,473,408,352,350,370,391,358,340,302,267,236,271,310,307,292,263,231,229,232,234,247,235,204,180,182,192,202,193,190,175,139,164,172,186,171,163,141,124,105,162,174,163,172,160,149,179,203,225,223,225,206,185,158,139,142,122,86,66,56,88,102,120,123,124,114,118,135,140,151,140,130,119,120,173,211,271,318,368,377,380,386,396,402,379,359,293,230,229,262,276,330,383
Active Student Cases,10,,9,15,21,24,29,29,62,102,163,193,218,217,206,310,390,445,491,547,542,516,654,760,841,866,876,812,747,667,761,856,857,836,739,672,691,672,756,790,708,600,526,536,589,622,597,580,475,407,445,459,496,457,423,361,307,309,325,340,309,292,258,225,193,229,262,264,252,227,199,196,202,203,215,202,175,153,153,166,172,164,162,147,119,142,146,157,144,135,113,98,81,131,145,138,146,133,124,152,174,194,194,190,173,156,133,116,114,95,59,46,33,69,83,99,101,101,92,96,115,119,128,118,110,100,98,147,176,222,251,281,280,276,262,256,245,201,160,112,70,58,57,58,75,93
Active Staff Cases,44,,61,71,75,74,71,71,95,103,101,109,104,101,99,112,113,98,99,97,91,89,111,120,123,123,119,117,106,111,137,145,147,144,146,138,132,130,137,138,109,96,75,78,72,73,63,66,59,55,55,51,54,48,50,47,45,41,45,51,49,48,44,42,43,42,48,43,40,36,32,33,30,31,32,33,29,27,29,26,30,29,28,28,20,22,26,29,27,28,28,26,24,31,29,25,26,27,25,27,29,31,29,35,33,29,25,23,28,27,27,20,23,19,19,21,22,23,22,22,20,21,23,22,20,19,22,26,35,49,67,87,97,104,124,140,157,178,199,181,160,171,205,218,255,290
Adams Junior high Active Cases,,,5,,,,,3,4,5,,5,6,4,,3,5,6,6,6,7,7,10,10,13,13,15,15,15,15,15,25,24,23,20,20,24,22,26,27,22,19,16,15,16,12,11,10,5,5,4,4,5,5,6,6,5,7,7,7,8,7,6,6,5,6,6,5,4,4,3,4,4,3,3,2,2,2,3,3,3,2,3,3,3,2,1,2,2,,,2,2,4,4,3,2,,2,2,3,3,3,,,,,,,,1,0,0,1,1,1,1,1,,1,1,1,,2,3,3,3,4,8,10,,,,,,,,,,6,5,5,4,2,,
Adams Junior high Active Staff Cases,,,2,,,,,1,1,1,,1,2,1,,1,1,1,1,0,0,0,0,0,1,1,1,1,1,1,1,1,1,2,1,1,1,1,2,2,2,2,1,1,1,1,1,1,0,0,0,0,0,1,1,2,2,3,3,3,3,3,2,2,2,1,1,0,0,0,0,0,0,0,0,0,0,0,0,0,0,0,0,0,0,0,0,0,0,,,0,0,0,0,0,0,,0,0,0,0,0,,,,,,,,0,0,0,0,0,0,0,0,,0,0,0,,0,0,0,0,0,0,0,,,,,,,,,,2,1,1,1,0,,
Adams Junior high Active Student Cases,,,3,,,,,2,3,4,,4,4,3,,2,4,5,5,6,7,7,10,10,12,12,14,14,14,14,14,24,23,21,19,19,23,21,24,25,20,17,15,14,15,11,10,9,5,5,4,4,5,4,5,4,3,4,4,4,5,4,4,4,3,5,5,5,4,4,3,4,4,3,3,2,2,2,3,3,3,2,3,3,3,2,1,2,2,,,2,2,4,4,3,2,,2,2,3,3,3,,,,,,,,1,0,0,1,1,1,1,1,,1,1,1,,2,3,3,3,4,8,10,,,,,,,,,,4,4,4,3,2,,
Adams Junior high Active Auxiliary Cases,,,0,,,,,0,0,0,,0,0,0,,0,0,0,0,0,0,0,0,0,0,0,0,0,0,0,0,0,0,0,0,0,0,0,0,0,0,0,0,0,0,0,0,0,0,0,0,0,0,0,0,0,0,0,0,0,0,0,0,0,0,0,0,0,0,0,0,0,0,0,0,0,0,0,0,0,0,0,0,0,0,0,0,0,0,,,0,0,0,0,0,0,,0,0,0,0,0,,,,,,,,0,0,0,0,0,0,0,0,,0,0,0,,0,0,0,0,0,0,0,,,,,,,,,,0,0,0,0,0,,
Alexander Elementary Active Cases,,,4,3,3,3,4,5,6,6,6,4,3,2,0,2,2,3,4,5,8,8,8,10,11,13,15,14,14,12,9,9,3,3,4,3,2,2,4,4,2,2,2,1,1,1,0,1,1,1,1,2,2,2,3,3,3,1,1,1,1,1,0,0,0,0,0,1,1,0,0,0,0,1,1,1,1,1,1,2,3,4,3,3,3,3,4,4,5,,,3,3,3,3,3,1,,1,1,1,2,2,,,,,,,,0,0,0,1,1,1,1,1,,1,0,0,,0,0,0,0,0,1,1,,,,,,,,,,2,2,2,1,0,,
Alexander Elementary Active Staff Cases,,,3,3,3,2,2,2,1,1,1,1,1,0,0,0,0,0,0,0,0,0,0,0,0,0,0,0,0,0,0,0,0,0,0,0,0,0,1,1,1,1,1,1,1,1,0,1,1,1,1,1,1,1,1,1,1,0,0,0,0,0,0,0,0,0,0,0,0,0,0,0,0,0,0,0,0,0,0,1,1,2,2,2,1,1,1,1,1,,,0,0,0,0,0,0,,0,0,0,0,0,,,,,,,,0,0,0,0,0,0,0,0,,0,0,0,,0,0,0,0,0,1,1,,,,,,,,,,1,1,1,0,0,,
Alexander Elementary Active Student Cases,,,1,0,0,1,2,3,5,5,5,3,2,2,0,2,2,3,4,5,8,8,8,10,11,13,15,14,14,12,9,9,3,3,4,3,2,2,3,3,1,1,1,0,0,0,0,0,0,0,0,1,1,1,2,2,2,1,1,1,1,1,0,0,0,0,0,1,1,0,0,0,0,1,1,1,1,1,1,1,2,2,1,1,2,2,3,3,4,,,3,3,3,3,3,1,,1,1,1,2,2,,,,,,,,0,0,0,1,1,1,1,1,,1,0,0,,0,0,0,0,0,0,0,,,,,,,,,,1,1,1,1,0,,
Alexander Elementary Active Auxiliary Cases,,,0,0,0,0,0,0,0,0,0,0,0,0,0,0,0,0,0,0,0,0,0,0,0,0,0,0,0,0,0,0,0,0,0,0,0,0,0,0,0,0,0,0,0,0,0,0,0,0,0,0,0,0,0,0,0,0,0,0,0,0,0,0,0,0,0,0,0,0,0,0,0,0,0,0,0,0,0,0,0,0,0,0,0,0,0,0,0,,,0,0,0,0,0,0,,0,0,0,0,0,,,,,,,,0,0,0,0,0,0,0,0,,0,0,0,,0,0,0,0,0,0,0,,,,,,,,,,0,0,0,0,0,,
Bear Creek Elementary Active Cases,,,0,,,,,0,0,0,,1,1,,,4,4,8,6,8,8,7,7,9,7,7,7,6,7,7,7,8,8,7,6,5,5,4,4,5,4,4,4,5,6,5,5,4,3,3,4,4,4,3,2,2,0,2,2,3,3,3,3,3,3,3,1,1,0,0,0,0,1,1,0,2,2,2,2,2,2,3,4,4,3,1,1,1,0,,,0,0,0,0,0,1,,1,1,1,1,1,,,,,,,,0,0,0,0,0,0,0,0,,0,0,0,,0,0,0,0,0,0,0,,,,,,,,,,0,0,0,1,2,,
Bear Creek Elementary Active Staff Cases,,,0,,,,,0,0,0,,0,0,,,0,0,3,2,2,2,2,2,2,2,2,1,0,0,0,0,0,0,0,0,0,0,0,0,0,0,0,0,0,0,0,0,0,0,0,0,0,0,0,0,0,0,0,0,0,0,0,0,0,0,0,0,0,0,0,0,0,0,0,0,1,1,1,1,1,1,1,1,1,1,0,0,0,0,,,0,0,0,0,0,1,,1,1,1,1,1,,,,,,,,0,0,0,0,0,0,0,0,,0,0,0,,0,0,0,0,0,0,0,,,,,,,,,,0,0,0,0,1,,
Bear Creek Elementary Active Student Cases,,,0,,,,,0,0,0,,1,1,,,4,4,5,4,6,6,5,5,7,5,5,6,6,7,7,7,8,8,7,6,5,5,4,4,5,4,4,4,5,6,5,5,4,3,3,4,4,4,3,2,2,0,2,2,3,3,3,3,3,3,3,1,1,0,0,0,0,1,1,0,1,1,1,1,1,1,2,3,3,2,1,1,1,0,,,0,0,0,0,0,0,,0,0,0,0,0,,,,,,,,0,0,0,0,0,0,0,0,,0,0,0,,0,0,0,0,0,0,0,,,,,,,,,,0,0,0,1,1,,
Bear Creek Elementary Active Auxiliary Cases,,,0,,,,,0,0,0,,0,0,,,0,0,0,0,0,1,1,1,1,1,2,2,2,1,1,1,1,1,1,1,0,0,0,0,0,0,0,0,0,0,0,0,0,0,0,0,0,0,0,0,0,0,0,0,0,0,0,0,0,0,0,0,0,0,0,0,0,0,0,0,0,0,0,0,0,0,0,0,0,0,0,0,0,0,,,0,0,0,0,0,0,,0,0,1,1,1,,,,,,,,0,0,0,1,1,1,1,1,,1,1,1,,0,0,0,0,0,0,0,,,,,,,,,,0,0,0,0,0,,
Beck Junior High Active Cases,,,1,,,,,2,3,3,,2,2,,,6,8,9,12,18,19,19,30,42,46,52,51,45,40,33,33,36,30,23,21,16,13,13,13,14,6,6,6,5,4,4,4,4,5,4,4,4,8,9,9,7,7,6,7,7,8,7,2,2,2,2,2,2,2,2,1,1,1,1,1,1,1,1,0,0,0,0,0,0,1,2,5,7,8,,,8,8,10,11,7,5,,3,3,2,2,2,,,,,,,,1,1,1,1,1,1,0,0,,0,0,1,,2,2,2,2,3,3,3,,,,,,,,,,4,3,2,2,2,,
Beck Junior High Active Staff Cases,,,1,,,,,1,2,2,,2,2,,,3,3,2,2,3,3,3,4,5,5,4,4,4,4,3,2,1,1,0,0,0,0,0,0,2,2,2,2,2,2,2,2,2,1,0,0,0,0,0,0,0,0,0,0,0,0,0,0,0,0,0,0,0,1,1,1,1,1,1,1,1,1,1,0,0,0,0,0,0,1,1,2,2,2,,,1,1,1,1,1,0,,0,0,0,0,0,,,,,,,,0,0,0,0,0,0,0,0,,0,0,0,,0,0,0,0,1,1,1,,,,,,,,,,1,1,1,1,1,,
Beck Junior High Active Student Cases,,,0,,,,,1,1,1,,0,0,,,3,5,7,10,15,16,16,26,37,41,48,47,41,36,30,31,35,29,23,21,16,13,13,13,12,4,4,4,3,2,2,2,2,4,4,4,4,8,9,9,7,7,6,7,7,8,7,2,2,2,2,2,2,1,1,0,0,0,0,0,0,0,0,0,0,0,0,0,0,0,1,3,5,6,,,7,7,9,10,6,5,,3,3,2,2,2,,,,,,,,1,1,1,1,1,1,0,0,,0,0,1,,2,2,2,2,2,2,2,,,,,,,,,,3,2,1,1,1,,
Beck Junior High Active Auxiliary Cases,,,0,,,,,0,0,0,,0,0,,,0,0,0,0,0,0,0,0,1,3,3,3,3,3,3,3,3,4,1,1,1,1,1,1,1,1,0,0,0,0,0,0,0,0,0,0,0,0,0,0,0,0,0,0,0,0,0,0,0,0,0,0,0,0,0,0,0,0,0,0,0,0,0,0,0,0,0,0,0,0,0,0,0,0,,,0,0,0,0,0,0,,0,0,0,0,0,,,,,,,,0,0,0,0,0,0,0,0,,0,0,0,,0,0,0,0,0,0,0,,,,,,,,,,0,0,0,0,0,,
Beckendorff Junior High Active Cases,,,0,,,,,0,0,2,,2,1,,,2,3,4,7,7,7,7,9,15,18,16,16,17,17,18,22,25,26,23,21,18,16,16,13,12,11,8,6,6,6,8,7,7,5,5,4,3,3,2,0,0,0,0,0,1,1,1,1,1,1,1,1,1,1,0,0,0,0,1,1,1,1,1,1,1,1,1,0,0,0,0,0,0,0,,,0,0,0,0,0,1,,1,1,1,1,1,,,,,,,,1,1,2,4,4,3,3,3,,4,5,4,,5,6,6,5,5,3,3,,,,,,,,,,2,2,0,1,1,,
Beckendorff Junior High Active Staff Cases,,,0,,,,,0,0,0,,0,0,,,0,0,0,1,1,1,1,1,1,1,1,2,1,1,2,3,3,4,4,4,4,2,2,2,2,1,1,1,1,1,1,1,1,1,1,1,0,0,0,0,0,0,0,0,0,0,0,0,0,0,0,0,0,0,0,0,0,0,0,0,0,0,0,0,0,0,0,0,0,0,0,0,0,0,,,0,0,0,0,0,1,,1,1,1,1,1,,,,,,,,1,1,1,1,1,0,0,0,,0,0,0,,0,0,0,0,0,0,0,,,,,,,,,,0,0,0,0,0,,
Beckendorff Junior High Active Student Cases,,,0,,,,,0,0,2,,2,1,,,2,3,4,6,6,6,6,8,14,17,15,14,16,16,16,19,22,22,19,17,14,14,14,11,10,10,7,5,5,5,7,6,6,4,4,3,3,3,2,0,0,0,0,0,1,1,1,1,1,1,1,1,1,1,0,0,0,0,1,1,1,1,1,1,1,1,1,0,0,0,0,0,0,0,,,0,0,0,0,0,0,,0,0,0,0,0,,,,,,,,0,0,1,3,3,3,3,3,,4,5,4,,5,6,6,5,5,3,3,,,,,,,,,,2,2,0,1,1,,
Beckendorff Junior High Active Auxiliary Cases,,,0,,,,,0,0,0,,0,0,,,0,0,0,0,0,0,0,0,0,0,0,0,0,0,0,0,0,0,0,0,0,0,0,1,1,1,1,1,1,1,1,1,1,0,0,0,0,0,0,0,0,0,0,0,0,0,0,0,0,0,0,0,0,0,0,0,0,0,0,0,0,0,0,0,0,0,0,0,0,0,0,0,0,0,,,0,0,0,0,0,0,,0,0,0,0,0,,,,,,,,0,0,0,0,0,0,0,0,,0,0,0,,0,0,0,0,0,0,0,,,,,,,,,,0,0,0,0,0,,
Bethke Elementary Active Cases,,,1,,,,,1,2,2,,2,2,,,3,3,4,3,4,4,4,5,8,8,8,8,8,7,6,9,10,7,12,11,10,9,8,8,8,5,4,4,1,1,4,6,7,7,7,8,8,8,9,7,5,3,2,2,5,6,11,10,11,12,13,22,22,21,21,20,17,23,27,33,29,28,28,31,32,41,36,35,30,24,26,23,22,17,,,10,9,13,13,11,10,,7,6,5,4,3,,,,,,,,4,3,4,4,5,5,6,6,,4,5,5,,3,2,2,2,2,1,1,,,,,,,,,,0,0,0,0,2,,
Bethke Elementary Active Staff Cases,,,1,,,,,1,2,2,,1,1,,,1,1,1,1,1,1,1,2,2,2,1,1,1,1,0,1,1,1,1,1,1,1,1,1,1,0,0,0,0,0,0,0,0,0,0,1,1,1,1,1,1,1,1,1,3,2,2,2,3,4,4,6,5,4,4,4,3,2,2,2,1,0,0,1,1,3,3,3,3,3,4,4,3,2,,,1,1,1,0,0,0,,0,0,0,0,0,,,,,,,,3,3,3,3,3,3,4,4,,1,2,2,,2,1,1,1,1,1,1,,,,,,,,,,0,0,0,0,2,,
Bethke Elementary Active Student Cases,,,0,,,,,0,0,0,,1,1,,,2,2,3,2,3,3,3,3,6,6,7,7,7,6,6,8,9,6,11,10,9,8,7,7,7,5,4,4,1,1,4,6,7,7,7,7,7,7,8,6,4,2,1,1,2,4,9,8,8,8,9,16,17,17,17,16,14,21,25,31,28,28,28,30,31,38,33,32,27,21,22,19,19,15,,,9,8,12,13,11,10,,7,6,5,4,3,,,,,,,,1,0,1,1,2,2,2,2,,3,3,3,,1,1,1,1,1,0,0,,,,,,,,,,0,0,0,0,0,,
Bethke Elementary Active Auxiliary Cases,,,0,,,,,0,0,0,,1,1,,,1,0,0,0,0,0,0,0,0,0,0,0,0,0,0,0,0,0,0,0,0,0,0,0,0,0,0,0,0,0,0,0,0,0,0,0,0,0,0,0,0,0,0,0,0,0,0,0,0,0,0,0,0,0,0,0,0,0,0,0,0,0,0,0,0,0,0,0,0,0,0,0,0,0,,,0,0,0,0,0,0,,0,0,0,0,0,,,,,,,,0,0,0,0,0,0,0,0,,0,0,0,,0,0,0,0,0,0,0,,,,,,,,,,0,0,0,0,0,,
Bryant Elementary Active Cases,,,1,,,,,3,5,8,,16,14,,,15,15,13,15,15,15,11,13,14,17,16,13,11,9,4,8,9,10,9,8,8,7,5,8,9,12,13,12,12,15,16,15,12,11,9,8,10,10,10,9,7,6,8,9,10,11,11,10,9,9,10,13,15,15,14,10,12,15,15,16,15,13,12,9,11,8,6,6,5,5,4,4,4,1,,,0,0,0,0,0,0,,0,1,1,1,2,,,,,,,,1,0,0,0,0,0,0,0,,0,0,0,,1,1,1,1,2,2,4,,,,,,,,,,6,5,3,4,4,,
Bryant Elementary Active Staff Cases,,,1,,,,,1,2,2,,3,3,,,3,3,2,2,1,1,1,1,0,0,0,0,0,0,0,0,0,0,0,0,0,0,0,0,0,1,1,1,1,2,2,2,2,2,2,1,1,0,0,0,0,0,0,0,0,2,2,2,2,2,2,2,2,2,1,0,0,0,0,0,0,0,0,0,0,0,0,0,0,0,0,0,0,0,,,0,0,0,0,0,0,,0,0,0,0,1,,,,,,,,1,0,0,0,0,0,0,0,,0,0,0,,1,1,1,1,1,1,2,,,,,,,,,,3,3,2,3,3,,
Bryant Elementary Active Student Cases,,,0,,,,,2,3,6,,13,11,,,12,12,11,13,14,14,10,12,14,17,16,13,11,9,4,8,9,10,9,8,8,7,5,8,9,11,12,11,11,13,14,13,10,9,7,7,9,10,10,9,7,6,8,9,10,9,9,8,7,7,8,11,13,13,13,10,12,15,15,16,15,13,12,9,11,8,6,6,5,5,4,4,4,1,,,0,0,0,0,0,0,,0,1,1,1,1,,,,,,,,0,0,0,0,0,0,0,0,,0,0,0,,0,0,0,0,1,1,2,,,,,,,,,,3,2,1,1,1,,
Bryant Elementary Active Auxiliary Cases,,,0,,,,,0,0,0,,0,0,,,0,0,0,0,0,0,0,0,0,0,0,0,0,0,0,0,0,0,0,0,0,0,0,0,0,0,0,0,0,0,0,0,0,0,0,0,0,0,0,0,0,0,0,0,0,0,0,0,0,0,0,0,0,0,0,0,0,0,0,0,0,0,0,0,0,0,0,0,0,0,0,0,0,0,,,0,0,0,0,0,0,,0,0,0,0,0,,,,,,,,0,0,0,0,0,0,0,0,,0,0,0,,0,0,0,0,0,0,0,,,,,,,,,,0,0,0,0,0,,
Campbell Elementary Active Cases,,,1,,,,,0,1,1,,2,2,3,,3,6,9,11,14,15,15,19,21,21,20,16,13,14,14,18,19,22,22,22,22,21,19,15,16,14,12,9,11,12,14,14,13,9,9,9,11,11,10,10,10,10,10,10,8,6,5,6,6,6,8,9,7,7,7,6,8,5,4,3,3,2,2,2,2,3,1,1,1,1,5,5,5,6,,,4,4,5,4,7,8,,9,9,8,6,5,,,,,,,,1,1,1,3,3,4,4,3,,3,3,4,,3,2,2,2,2,2,2,,,,,,,,,,2,2,4,5,7,,
Campbell Elementary Active Staff Cases,,,1,,,,,0,0,,,0,0,1,,1,2,3,4,3,3,3,3,4,4,4,2,2,2,2,3,3,3,3,3,3,3,2,2,2,1,0,0,2,2,2,2,2,2,3,2,2,2,1,1,1,1,2,3,2,2,2,3,3,4,4,5,3,3,3,3,3,2,2,1,1,0,0,0,0,0,0,0,0,0,1,1,1,2,,,2,2,3,2,2,3,,2,2,2,1,1,,,,,,,,0,0,0,0,0,0,0,0,,0,1,1,,1,1,1,1,1,1,1,,,,,,,,,,1,1,2,3,5,,
Campbell Elementary Active Student Cases,,,0,,,,,0,1,,,2,2,2,,2,4,6,7,11,12,12,16,17,17,16,14,11,12,12,15,16,19,19,19,19,18,17,13,14,13,12,9,9,10,12,12,11,7,6,7,9,9,9,9,9,9,8,7,6,4,3,3,3,2,4,4,4,4,4,3,5,3,2,2,2,2,2,2,2,3,1,1,1,1,4,4,4,4,,,2,2,2,2,5,5,,7,7,6,5,4,,,,,,,,1,1,1,3,3,4,4,3,,3,2,3,,2,1,1,1,1,1,1,,,,,,,,,,1,1,2,2,2,,
Campbell Elementary Active Auxiliary Cases,,,0,,,,,0,0,,,0,0,0,,0,0,0,0,0,0,1,1,1,1,1,1,1,1,1,1,0,0,0,0,0,0,0,0,0,0,0,0,0,0,0,0,0,0,0,0,0,0,0,0,0,0,0,0,0,0,0,0,0,0,0,0,0,0,0,0,0,0,0,0,0,0,0,0,0,0,0,0,0,0,0,0,0,0,,,0,0,0,0,0,0,,0,0,0,0,0,,,,,,,,0,0,0,0,0,0,0,0,,0,0,0,,0,0,0,0,0,0,0,,,,,,,,,,0,0,1,1,1,,
Cardiff Junior High Active Cases,,,0,,,,,1,1,,,1,1,1,,1,2,1,1,1,1,0,2,2,3,7,7,7,7,7,9,11,10,11,8,6,4,3,3,5,3,3,3,4,5,4,5,5,3,2,4,5,5,4,3,3,2,3,3,3,2,2,2,2,1,1,0,0,0,0,0,0,0,0,1,1,1,1,1,2,2,2,1,1,1,1,0,0,0,,,0,0,0,0,0,0,,1,1,1,1,1,,,,,,,,0,0,0,1,1,2,2,2,,1,1,1,,1,0,0,0,0,0,0,,,,,,,,,,0,0,0,0,0,,
Cardiff Junior High Active Staff Cases,,,0,,,,,0,,,,0,0,0,,,,0,0,0,0,0,2,2,2,3,3,3,3,3,3,2,1,1,1,0,0,0,0,0,0,0,0,0,1,1,1,1,1,1,1,1,1,1,0,0,0,0,0,0,0,0,0,0,0,0,0,0,0,0,0,0,0,0,0,0,0,0,0,0,0,0,0,0,0,0,0,0,0,,,0,0,0,0,0,0,,0,0,0,0,0,,,,,,,,0,0,0,0,0,0,0,0,,0,0,0,,0,0,0,0,0,0,0,,,,,,,,,,0,0,0,0,0,,
Cardiff Junior High Active Student Cases,,,0,,,,,1,,,,1,1,1,,,,1,1,1,1,0,0,0,1,4,4,4,4,4,6,9,9,10,7,6,4,3,3,5,3,3,3,4,4,3,4,4,2,1,3,4,4,3,3,3,2,3,3,3,2,2,2,2,1,1,0,0,0,0,0,0,0,0,1,1,1,1,1,2,2,2,1,1,1,1,0,0,0,,,0,0,0,0,0,0,,1,1,1,1,1,,,,,,,,0,0,0,1,1,2,2,2,,1,1,1,,1,0,0,0,0,0,0,,,,,,,,,,0,0,0,0,0,,
Cardiff Junior High Active Auxiliary Cases,,,,,,,,,,,,1,1,1,,,,0,0,0,0,0,0,0,0,0,0,0,0,0,0,0,0,0,0,0,0,0,0,0,0,0,0,0,0,0,0,0,0,0,0,0,0,0,0,0,0,0,0,0,0,0,0,0,0,0,0,0,0,0,0,0,0,0,0,0,0,0,0,0,0,0,0,0,0,0,0,0,0,,,0,0,0,0,0,0,,0,0,0,0,0,,,,,,,,0,0,0,0,1,1,1,1,,1,1,1,,0,0,0,0,0,0,0,,,,,,,,,,0,0,0,0,0,,
Cimarron Elementary Active Cases,,,,,,,,,,,,,,,,,,4,4,4,3,3,5,7,7,6,10,9,7,6,9,9,10,8,8,8,6,6,6,9,12,14,13,17,15,17,17,17,14,14,8,6,5,5,2,1,0,1,1,1,1,1,1,1,1,1,1,1,1,1,1,3,3,3,4,4,4,4,2,2,2,2,2,2,0,1,1,1,1,,,1,1,1,0,0,0,,0,0,0,0,0,,,,,,,,1,1,0,0,0,0,0,0,,0,0,0,,1,1,1,1,4,7,8,,,,,,,,,,7,5,5,5,5,,
Cimarron Elementary Active Staff Cases,,,,,,,,,,,,,,,,,,0,0,0,0,0,0,0,0,0,0,0,0,0,1,1,2,2,3,3,4,4,4,5,4,5,4,4,3,3,2,2,1,1,0,0,0,0,0,0,0,0,0,0,0,0,0,0,0,0,0,0,0,0,0,0,0,0,0,0,0,0,0,0,0,0,0,0,0,0,0,0,0,,,0,0,0,0,0,0,,0,0,0,0,0,,,,,,,,0,0,0,0,0,0,0,0,,0,0,0,,0,0,0,0,0,0,0,,,,,,,,,,4,3,3,3,3,,
Cimarron Elementary Active Student Cases,,,,,,,,,,,,,,,,,,4,4,4,3,3,5,7,7,6,10,9,7,6,8,8,8,6,5,5,2,2,2,4,8,9,9,13,12,14,15,15,13,13,8,6,5,5,2,1,0,1,1,1,1,1,1,1,1,1,1,1,1,1,1,3,3,3,4,4,4,4,2,2,2,2,2,2,0,1,1,1,1,,,1,1,1,0,0,0,,0,0,0,0,0,,,,,,,,1,1,0,0,0,0,0,0,,0,0,0,,1,1,1,1,4,7,8,,,,,,,,,,3,2,2,2,2,,
Cimarron Elementary Active Auxiliary Cases,,,,,,,,,,,,,,,,,,1,1,1,1,1,1,1,1,1,0,0,0,0,0,0,0,0,0,0,0,0,0,0,0,0,0,0,0,0,0,0,0,0,0,0,0,0,0,0,0,0,0,0,0,0,0,0,0,0,0,0,0,0,0,0,0,0,0,0,0,0,0,0,0,0,0,0,0,0,0,0,0,,,0,0,0,0,0,0,,0,0,0,0,0,,,,,,,,0,0,0,0,0,0,0,0,,0,0,0,,0,0,0,0,0,0,0,,,,,,,,,,0,0,0,0,0,,
Cinco Ranch High School Active Cases,,,,,,,,,,,,,,,,,,22,23,25,21,19,26,30,33,37,35,32,28,26,30,34,34,23,21,18,20,20,18,20,20,14,14,13,10,10,10,10,5,5,5,4,3,6,7,6,6,5,6,8,8,9,7,7,6,8,8,9,8,7,6,8,8,8,9,8,5,5,4,3,3,2,3,3,2,3,3,3,2,,,1,1,2,2,2,4,,3,5,6,7,7,,,,,,,,0,0,0,1,1,3,3,5,,6,5,5,,5,3,3,4,12,13,16,,,,,,,,,,14,12,12,10,8,,
Cinco Ranch High School Active Staff Cases,,,,,,,,,,,,,,,,,,2,3,2,2,2,3,4,4,3,3,3,2,2,6,7,8,7,7,7,5,5,5,4,4,1,0,0,0,0,0,0,0,0,0,0,0,1,1,1,1,1,1,1,1,1,0,0,0,0,0,0,0,0,0,1,1,1,2,2,2,2,2,2,2,1,1,1,0,0,0,0,0,,,0,0,0,0,0,0,,0,0,0,0,0,,,,,,,,0,0,0,0,0,0,0,0,,2,1,1,,1,1,1,1,1,1,2,,,,,,,,,,7,6,6,7,5,,
Cinco Ranch High School Active Student Cases,,,,,,,,,,,,,,,,,,20,20,23,19,17,23,26,29,34,32,29,26,24,24,27,26,16,14,11,15,15,13,16,16,13,14,13,10,10,10,10,5,5,5,4,3,5,6,5,5,4,5,7,7,8,7,7,6,8,8,9,8,7,6,7,7,7,7,6,3,3,2,1,1,1,2,2,2,3,3,3,2,,,1,1,2,2,2,4,,3,5,6,7,7,,,,,,,,0,0,0,1,1,3,3,5,,4,4,4,,4,2,2,3,11,12,14,,,,,,,,,,7,6,6,3,3,,
Cinco Ranch High School Active Auxiliary Cases,,,,,,,,,,,,,,,,,,1,1,1,1,0,0,0,0,0,0,0,0,1,1,1,1,1,1,1,1,1,0,0,1,1,1,1,1,1,1,1,1,0,0,0,0,0,0,0,0,0,0,0,0,0,0,0,0,0,0,0,0,0,0,0,0,0,0,0,0,0,0,0,0,0,0,0,0,0,0,0,0,,,0,0,0,0,0,0,,0,0,0,0,0,,,,,,,,0,0,0,0,0,0,0,0,,0,0,0,,0,0,0,0,0,0,1,,,,,,,,,,1,2,1,1,1,,
Cinco Ranch Junior High Active Cases,,,,,,,,,,,,,,,,,,5,3,3,4,4,6,7,7,6,7,6,6,5,8,10,9,10,11,11,13,15,15,14,13,12,10,11,11,11,10,10,8,8,7,8,8,5,4,4,3,3,3,3,1,1,1,1,1,3,7,8,8,8,8,4,7,6,7,8,7,6,6,7,7,6,7,4,3,5,6,6,6,,,5,4,8,8,7,6,,5,4,5,5,3,,,,,,,,0,0,0,0,1,1,1,1,,1,1,1,,2,1,1,1,2,4,6,,,,,,,,,,6,5,2,3,3,,
Cinco Ranch Junior High Active Staff Cases,,,,,,,,,,,,,,,,,,2,0,0,0,0,0,0,0,0,0,0,0,0,0,0,0,0,0,0,0,1,1,1,1,1,1,1,1,0,0,0,0,0,0,0,0,0,0,0,0,0,0,0,0,0,0,0,0,0,0,0,0,0,0,0,0,0,0,1,1,1,1,1,1,1,1,1,0,0,1,1,1,,,1,1,2,2,2,1,,1,1,1,1,0,,,,,,,,0,0,0,0,0,0,0,0,,0,0,0,,0,0,0,0,0,0,0,,,,,,,,,,2,2,0,0,0,,
Cinco Ranch Junior High Active Student Cases,,,,,,,,,,,,,,,,,,3,3,3,4,4,6,7,7,6,7,6,6,5,8,10,9,10,11,11,13,14,14,13,12,11,9,10,10,11,10,10,8,8,7,8,8,5,4,4,3,3,3,3,1,1,1,1,1,3,7,8,8,8,8,4,7,6,7,7,6,5,5,6,6,5,6,3,3,5,5,5,5,,,4,3,6,6,5,5,,4,3,4,4,3,,,,,,,,0,0,0,0,1,1,1,1,,1,1,1,,2,1,1,1,2,4,6,,,,,,,,,,4,3,2,3,3,,
Cinco Ranch Junior High Active Auxiliary Cases,,,,,,,,,,,,,,,,,,0,0,0,0,0,0,0,0,0,0,0,0,0,0,0,0,0,0,0,1,1,1,1,1,1,1,1,1,1,0,0,0,0,0,0,0,0,0,0,0,0,0,0,0,0,0,0,0,0,0,0,0,0,0,0,0,0,0,0,0,0,0,0,0,0,0,0,0,0,0,0,0,,,0,0,0,0,0,0,,0,0,0,0,0,,,,,,,,0,0,0,0,0,0,0,0,,0,0,0,,0,0,0,0,0,1,1,,,,,,,,,,0,0,0,0,0,,
Creech Elementary Active Cases,,,,,,,,,,,,,,,,,,10,12,14,15,15,16,17,20,21,19,18,10,7,9,13,12,11,10,8,8,9,12,13,9,9,8,7,9,9,7,7,3,3,2,2,2,0,0,0,0,0,0,0,1,1,1,1,1,2,2,2,3,3,2,2,3,2,4,9,10,9,11,11,11,11,10,9,3,3,1,3,2,,,3,3,3,3,4,3,,2,2,2,2,2,,,,,,,,0,0,0,1,3,3,4,4,,4,5,5,,4,6,5,5,8,8,11,,,,,,,,,,5,2,2,1,1,,
Creech Elementary Active Staff Cases,,,,,,,,,,,,,,,,,,1,0,0,0,0,0,0,1,2,2,2,2,2,2,2,2,1,1,0,0,1,1,1,2,2,2,2,2,2,1,1,1,1,0,0,0,0,0,0,0,0,0,0,0,0,0,0,0,0,0,0,0,0,0,0,1,1,1,1,2,2,2,2,2,2,1,1,1,1,0,0,0,,,0,0,0,0,0,0,,0,0,0,0,0,,,,,,,,0,0,0,0,0,0,0,0,,0,0,0,,0,0,0,0,0,0,0,,,,,,,,,,1,0,0,1,1,,
Creech Elementary Active Student Cases,,,,,,,,,,,,,,,,,,9,12,14,15,15,16,17,19,19,17,16,8,5,7,11,10,10,9,8,8,8,11,12,7,7,6,5,7,7,6,6,2,2,2,2,2,0,0,0,0,0,0,0,1,1,1,1,1,2,2,2,3,3,2,2,2,1,3,8,8,7,9,9,9,9,9,8,2,2,1,3,2,,,3,3,3,3,4,3,,2,2,2,2,2,,,,,,,,0,0,0,1,3,3,4,4,,4,5,5,,4,6,5,5,8,8,11,,,,,,,,,,4,2,2,0,0,,
Creech Elementary Active Auxiliary Cases,,,,,,,,,,,,,,,,,,0,0,1,1,1,1,1,1,1,1,1,0,0,0,0,0,0,0,0,0,0,0,0,0,0,0,0,0,0,0,0,0,0,0,0,0,0,0,0,0,0,0,0,0,0,0,0,0,0,0,0,0,0,0,0,0,0,0,0,0,0,0,0,0,0,0,0,0,0,0,0,0,,,0,0,0,0,0,0,,0,0,0,0,0,,,,,,,,0,0,0,0,0,0,0,0,,0,0,0,,0,0,0,0,0,0,0,,,,,,,,,,3,1,1,1,1,,
Davidson Elementary Active Cases,,,,,,,,,,,,,,,,,,6,6,6,5,5,6,9,10,13,19,17,18,17,23,26,30,31,28,25,24,22,21,21,19,16,13,13,10,9,6,4,3,2,2,3,3,3,3,4,4,4,4,4,4,2,2,2,1,3,2,2,2,2,2,1,1,0,1,2,2,2,2,2,2,2,2,2,1,1,2,2,2,,,2,1,1,2,1,3,,3,4,4,4,5,,,,,,,,2,2,1,2,2,1,0,0,,0,2,2,,2,3,3,3,3,4,4,,,,,,,,,,7,4,4,5,6,,
Davidson Elementary Active Staff Cases,,,,,,,,,,,,,,,,,,1,1,2,2,2,2,2,2,3,5,4,4,4,5,6,6,6,6,5,3,3,3,3,1,2,2,2,2,2,2,1,1,1,1,0,0,0,0,0,0,0,0,0,0,0,0,0,0,1,1,1,1,1,1,1,1,0,1,1,1,1,1,1,1,1,1,1,0,0,1,1,1,,,1,1,1,1,0,0,,0,0,0,0,0,,,,,,,,1,1,1,0,0,0,0,0,,0,0,0,,0,0,0,0,0,0,0,,,,,,,,,,6,3,3,4,4,,
Davidson Elementary Active Student Cases,,,,,,,,,,,,,,,,,,5,5,4,3,3,4,7,8,10,14,13,14,13,18,20,24,25,22,20,21,19,18,18,18,14,11,11,8,7,4,3,2,1,1,3,3,3,3,4,4,4,4,4,4,2,2,2,1,2,1,1,1,1,1,0,0,0,0,1,1,1,1,1,1,1,1,1,1,1,1,1,1,,,1,0,0,1,1,3,,3,4,4,4,5,,,,,,,,1,1,0,2,2,1,0,0,,0,2,2,,2,3,3,3,3,4,4,,,,,,,,,,1,1,1,1,2,,
Davidson Elementary Active Auxiliary Cases,,,,,,,,,,,,,,,,,,0,0,0,0,0,0,0,0,0,0,0,0,0,0,0,0,0,0,0,0,0,0,0,0,0,0,0,0,0,0,0,0,0,0,0,0,0,0,0,0,0,0,0,0,0,0,0,0,0,0,0,0,0,0,0,0,0,0,0,0,0,0,0,0,0,0,0,0,0,0,0,0,,,0,0,0,0,0,0,,0,0,0,0,0,,,,,,,,0,0,0,0,0,0,0,0,,0,0,0,,0,0,0,0,0,0,0,,,,,,,,,,0,0,0,0,0,,
Exley Elementary Active Cases,,,,,,,,,,,,,,,,,,3,3,4,4,4,6,5,7,8,9,8,9,8,9,12,11,11,10,9,12,11,12,12,10,6,5,4,6,6,5,5,4,3,5,4,4,4,4,2,2,3,4,3,3,2,2,2,2,3,2,4,4,6,6,6,7,8,9,7,6,5,3,2,2,2,1,0,0,1,1,2,2,,,2,2,2,1,1,1,,1,2,2,2,2,,,,,,,,1,1,1,0,0,1,2,2,,2,3,3,,3,3,2,1,4,7,7,,,,,,,,,,3,1,1,2,1,,
Exley Elementary Active Staff Cases,,,,,,,,,,,,,,,,,,0,0,0,0,0,1,2,2,2,2,2,2,2,3,3,1,1,1,1,1,1,1,1,0,0,0,0,0,0,1,1,1,1,1,1,1,1,1,0,0,0,1,1,1,1,1,1,1,1,1,1,1,3,3,3,3,3,3,2,2,2,0,0,0,0,0,0,0,0,0,0,0,,,0,0,0,0,0,0,,0,0,0,0,0,,,,,,,,0,0,0,0,0,0,0,0,,0,0,0,,0,0,0,0,0,1,1,,,,,,,,,,1,0,0,1,1,,
Exley Elementary Active Student Cases,,,,,,,,,,,,,,,,,,3,3,4,4,4,5,3,5,6,7,6,7,6,6,9,10,10,9,8,11,10,11,11,10,6,5,4,6,6,4,4,3,2,4,3,3,3,3,2,2,3,3,2,2,1,1,1,1,2,1,3,3,3,3,3,4,5,6,5,4,3,3,2,2,2,1,0,0,1,1,2,2,,,2,2,2,1,1,1,,1,2,2,2,2,,,,,,,,1,1,1,0,0,1,2,2,,2,3,3,,3,3,2,1,4,6,6,,,,,,,,,,2,1,1,1,0,,
Exley Elementary Active Auxiliary Cases,,,,,,,,,,,,,,,,,,1,1,1,1,1,1,2,2,1,1,1,0,0,0,0,0,0,0,0,0,0,0,0,0,0,0,0,0,0,0,0,0,0,0,0,0,0,0,0,0,0,0,0,0,0,0,0,0,0,0,0,0,0,0,0,0,0,0,0,0,0,0,0,0,0,0,0,0,0,0,0,0,,,0,0,0,0,0,0,,0,0,0,0,0,,,,,,,,0,0,0,0,0,0,0,0,,0,0,0,,0,0,0,0,0,0,0,,,,,,,,,,0,0,0,0,0,,
Fielder Elementary Active Cases,,,,,,,,,,,,,,,,,,3,1,1,1,3,3,2,3,5,5,8,6,6,6,6,6,6,6,5,3,2,3,3,3,2,2,2,2,2,2,1,0,0,0,0,0,0,0,1,1,5,7,7,9,10,11,11,13,14,13,11,11,11,8,5,2,1,0,0,0,0,0,0,0,0,0,0,0,0,0,0,0,,,1,1,1,4,4,6,,5,4,8,8,10,,,,,,,,3,2,4,4,4,11,11,11,,10,5,5,,7,4,4,4,6,7,6,,,,,,,,,,3,2,2,2,3,,
Fielder Elementary Active Staff Cases,,,,,,,,,,,,,,,,,,0,0,0,0,0,0,0,0,0,0,1,1,1,1,1,1,1,1,1,0,0,1,1,1,1,1,1,1,1,1,1,0,0,0,0,0,0,0,0,0,0,0,0,1,3,3,3,4,4,4,4,4,4,1,1,1,0,0,0,0,0,0,0,0,0,0,0,0,0,0,0,0,,,0,0,0,0,0,0,,0,0,0,0,1,,,,,,,,3,2,4,4,4,5,5,5,,4,1,1,,2,1,1,1,1,1,1,,,,,,,,,,2,2,2,2,3,,
Fielder Elementary Active Student Cases,,,,,,,,,,,,,,,,,,3,1,1,1,3,3,2,3,5,5,7,5,5,5,5,5,5,5,4,3,2,2,2,2,1,1,1,1,1,1,0,0,0,0,0,0,0,0,1,1,5,7,7,8,7,8,8,9,10,9,7,7,7,7,4,1,1,0,0,0,0,0,0,0,0,0,0,0,0,0,0,0,,,1,1,1,4,4,6,,5,4,8,8,9,,,,,,,,0,0,0,0,0,6,6,6,,6,4,4,,5,3,3,3,5,6,5,,,,,,,,,,1,0,0,0,0,,
Fielder Elementary Active Auxiliary Cases,,,,,,,,,,,,,,,,,,0,0,0,0,0,0,0,0,0,0,0,0,0,0,0,0,0,0,0,0,0,0,0,0,0,0,0,0,0,0,0,0,0,0,0,0,0,0,0,0,0,0,0,0,0,0,0,0,0,0,0,0,0,0,0,0,0,0,0,0,0,0,0,0,0,0,0,0,0,0,1,1,,,1,1,1,1,0,0,,0,0,0,0,0,,,,,,,,0,0,0,0,0,0,0,0,,0,0,0,,0,0,0,0,0,0,1,,,,,,,,,,0,0,0,0,0,,
Franz Elementary Active Cases,,,,,,,,,,,,,,,,,,3,3,3,3,3,5,9,10,10,12,12,12,11,12,12,13,8,5,5,6,6,10,10,9,8,6,6,7,6,5,4,4,4,6,5,6,6,7,7,6,4,2,2,1,2,3,3,2,2,4,4,3,3,2,2,2,2,2,0,0,0,0,1,1,2,2,2,2,2,4,4,4,,,4,4,7,7,6,3,,1,3,3,5,6,,,,,,,,3,1,0,0,0,0,0,0,,0,1,1,,1,1,1,1,1,1,1,,,,,,,,,,3,2,2,4,4,,
Franz Elementary Active Staff Cases,,,,,,,,,,,,,,,,,,0,0,1,1,1,1,1,1,1,1,1,1,0,0,0,2,2,2,2,3,3,3,3,3,2,1,0,0,0,0,0,0,0,0,0,0,0,0,0,0,0,0,0,0,0,0,0,0,0,0,0,0,0,0,0,0,0,0,0,0,0,0,0,0,0,0,0,0,0,0,0,0,,,1,1,1,1,1,1,,0,0,0,0,0,,,,,,,,0,0,0,0,0,0,0,0,,0,0,0,,0,0,0,0,0,0,0,,,,,,,,,,1,1,1,2,2,,
Franz Elementary Active Student Cases,,,,,,,,,,,,,,,,,,3,3,2,2,2,4,8,9,9,11,11,11,11,12,12,11,6,3,3,3,3,7,7,6,6,5,6,7,6,5,4,4,4,6,5,6,6,7,7,6,4,2,2,1,2,3,3,2,2,4,4,3,3,2,2,2,2,2,0,0,0,0,1,1,2,2,2,2,2,4,4,4,,,3,3,6,6,5,2,,1,3,3,5,6,,,,,,,,3,1,0,0,0,0,0,0,,0,1,1,,1,1,1,1,1,1,1,,,,,,,,,,2,1,1,2,2,,
Franz Elementary Active Auxiliary Cases,,,,,,,,,,,,,,,,,,0,0,0,0,0,0,0,0,0,0,0,0,0,0,0,0,0,0,0,0,0,0,0,0,0,0,1,1,1,1,1,1,1,1,1,1,0,0,0,0,0,0,0,0,0,0,0,0,0,0,0,0,0,0,0,0,0,0,0,0,0,0,0,0,0,0,0,0,0,0,0,0,,,0,0,0,0,0,0,,0,0,0,0,0,,,,,,,,0,0,0,0,0,0,0,0,,0,0,0,,0,0,0,0,0,0,0,,,,,,,,,,0,0,0,0,0,,
Golbow Elementary Active Cases,,,,,,,,,,,,,,,,,,7,6,7,7,7,9,10,12,8,6,6,5,2,0,0,0,5,4,4,4,4,7,6,6,6,4,4,4,4,4,3,2,1,2,3,3,3,4,4,3,4,6,10,11,11,13,12,12,16,20,20,20,15,14,16,13,12,11,11,7,6,4,3,2,1,0,0,0,0,0,0,0,,,0,0,1,1,1,1,,0,0,0,0,0,,,,,,,,0,0,0,0,0,0,0,0,,0,0,0,,0,0,0,0,0,1,1,,,,,,,,,,1,0,0,0,0,,
Golbow Elementary Active Staff Cases,,,,,,,,,,,,,,,,,,2,2,2,2,2,2,1,1,1,0,0,0,0,0,0,0,0,0,0,0,0,1,1,1,1,1,1,1,1,1,2,1,1,1,1,1,1,1,1,0,1,1,1,2,2,3,3,3,3,3,3,2,2,2,2,1,2,2,2,1,1,1,1,1,1,0,0,0,0,0,0,0,,,0,0,0,0,0,0,,0,0,0,0,0,,,,,,,,0,0,0,0,0,0,0,0,,0,0,0,,0,0,0,0,0,0,0,,,,,,,,,,0,0,0,0,0,,
Golbow Elementary Active Student Cases,,,,,,,,,,,,,,,,,,5,4,5,5,5,7,9,11,7,6,6,5,2,0,0,0,5,4,4,4,4,6,5,5,5,3,3,3,3,3,1,1,0,1,2,2,2,3,3,3,3,5,9,9,9,10,9,9,13,17,17,18,13,12,14,12,10,9,9,6,5,3,2,1,0,0,0,0,0,0,0,0,,,0,0,1,1,1,1,,0,0,0,0,0,,,,,,,,0,0,0,0,0,0,0,0,,0,0,0,,0,0,0,0,0,1,1,,,,,,,,,,1,0,0,0,0,,
Golbow Elementary Active Auxiliary Cases,,,,,,,,,,,,,,,,,,1,1,1,1,1,1,1,1,1,0,0,0,0,0,0,0,0,0,0,0,0,0,0,0,0,0,0,0,0,0,0,0,0,0,1,1,1,1,1,1,1,1,1,1,0,0,0,0,0,0,0,0,0,0,0,0,0,0,0,0,0,0,0,0,0,0,0,0,0,0,0,0,,,0,0,0,0,0,0,,0,0,0,0,0,,,,,,,,0,0,0,0,0,0,0,0,,0,0,0,,0,0,0,0,0,0,0,,,,,,,,,,0,0,0,0,0,,
Griffin Elementary Active Cases,,,,,,,,,,,,,,,,,,8,8,6,5,4,4,5,5,4,3,3,2,3,4,5,7,7,6,5,7,7,8,9,7,5,5,5,5,6,8,8,7,6,6,7,7,5,5,5,3,5,4,4,3,3,3,1,1,1,2,1,1,2,2,8,8,8,8,8,7,7,8,6,6,3,3,3,3,3,2,2,1,,,0,0,2,2,3,3,,3,3,3,1,1,,,,,,,,0,0,0,0,0,1,1,2,,2,2,2,,1,1,1,0,0,0,1,,,,,,,,,,2,1,1,0,0,,
Griffin Elementary Active Staff Cases,,,,,,,,,,,,,,,,,,2,2,2,1,1,1,2,2,1,1,1,1,2,2,2,1,1,1,0,0,0,0,0,0,0,0,1,1,1,1,1,1,1,1,2,2,1,1,1,1,1,1,1,0,0,0,0,0,0,0,0,0,0,0,1,1,1,1,1,1,1,1,1,1,0,0,0,0,0,0,0,0,,,0,0,0,0,0,0,,0,0,0,0,0,,,,,,,,0,0,0,0,0,0,0,1,,1,1,1,,1,1,1,0,0,0,0,,,,,,,,,,1,1,1,0,0,,
Griffin Elementary Active Student Cases,,,,,,,,,,,,,,,,,,6,6,4,4,3,3,3,3,3,2,2,1,1,2,3,6,6,5,5,7,7,8,9,7,5,5,4,4,5,7,7,6,5,5,5,5,4,4,4,2,4,3,3,3,3,3,1,1,1,2,1,1,2,2,7,7,7,7,7,6,6,7,5,5,3,3,3,3,3,2,2,1,,,0,0,2,2,3,3,,3,3,3,1,1,,,,,,,,0,0,0,0,0,1,1,1,,1,1,1,,0,0,0,0,0,0,1,,,,,,,,,,1,0,0,0,0,,
Griffin Elementary Active Auxiliary Cases,,,,,,,,,,,,,,,,,,1,1,1,1,1,1,0,0,0,0,0,0,0,0,0,0,0,0,0,0,0,0,0,0,0,0,0,0,0,0,0,0,0,0,0,0,0,0,0,0,0,0,0,0,0,0,0,0,0,0,0,0,0,0,0,0,0,0,0,0,0,0,0,0,0,0,0,0,0,0,0,0,,,0,0,0,0,0,0,,0,0,0,0,0,,,,,,,,0,0,0,0,0,0,0,0,,0,0,0,,0,0,0,0,0,0,0,,,,,,,,,,0,0,0,0,0,,
Haskett Junior High School Active Cases,,,,,,,,,,,,,,,,,,0,0,0,0,0,0,0,5,5,8,8,8,9,9,8,8,7,8,7,7,6,8,7,7,6,5,5,9,11,12,13,12,13,15,14,17,19,16,14,13,14,16,15,11,11,8,9,7,8,8,7,5,4,5,1,1,1,1,1,1,1,1,0,0,0,0,0,0,0,0,0,0,,,0,0,0,0,0,0,,0,1,1,1,1,,,,,,,,0,0,0,0,0,0,0,0,,0,0,0,,0,0,0,0,2,2,3,,,,,,,,,,4,4,4,3,3,,
Haskett Junior High School Active Staff Cases,,,,,,,,,,,,,,,,,,0,0,0,0,0,0,0,0,0,0,0,0,0,0,0,0,0,0,0,0,0,1,1,1,1,2,2,2,2,2,2,1,1,1,1,1,1,1,1,1,1,1,1,1,0,0,0,0,0,0,0,0,0,1,1,1,1,1,1,1,1,1,0,0,0,0,0,0,0,0,0,0,,,0,0,0,0,0,0,,0,0,0,0,0,,,,,,,,0,0,0,0,0,0,0,0,,0,0,0,,0,0,0,0,0,0,1,,,,,,,,,,3,3,3,2,3,,
Haskett Junior High School Active Student Cases,,,,,,,,,,,,,,,,,,0,0,0,0,0,0,0,5,5,8,8,8,9,9,8,8,7,8,7,7,6,7,6,6,5,3,3,7,9,10,11,11,12,14,13,16,18,15,13,12,13,15,14,10,11,8,9,7,8,8,7,5,4,4,0,0,0,0,0,0,0,0,0,0,0,0,0,0,0,0,0,0,,,0,0,0,0,0,0,,0,1,1,1,1,,,,,,,,0,0,0,0,0,0,0,0,,0,0,0,,0,0,0,0,2,2,2,,,,,,,,,,1,1,1,1,0,,
Haskett Junior High School Active Auxiliary Cases,,,,,,,,,,,,,,,,,,0,0,0,0,0,0,0,0,0,0,0,0,0,0,0,0,0,0,0,0,0,0,0,0,0,0,0,0,0,0,0,0,0,0,0,0,0,0,0,0,0,0,0,0,1,1,1,1,1,1,1,1,1,0,0,0,0,0,0,0,0,0,0,0,0,0,0,0,0,0,0,0,,,0,0,0,0,0,0,,0,0,0,0,0,,,,,,,,0,0,0,0,0,0,0,0,,0,0,0,,0,0,0,0,0,0,0,,,,,,,,,,3,3,0,0,0,,
Hayes Elementary Active Cases,,,,,,,,,,,,,,,,,,5,5,4,4,3,5,5,7,6,6,6,5,5,5,11,11,12,12,12,14,12,15,15,14,11,9,7,6,4,3,3,1,0,1,1,1,1,2,2,2,2,1,1,1,2,2,2,1,1,1,1,1,1,0,0,0,0,0,0,0,0,0,0,0,0,0,0,0,0,1,2,2,,,2,0,0,0,0,2,,3,4,5,7,8,,,,,,,,1,0,0,0,0,0,0,0,,0,0,1,,1,1,1,1,2,3,3,,,,,,,,,,0,0,0,0,0,,
Hayes Elementary Active Staff Cases,,,,,,,,,,,,,,,,,,1,1,1,1,1,1,1,1,0,0,0,1,1,1,1,1,1,1,1,1,1,0,0,0,0,0,0,0,0,0,0,0,0,0,0,0,0,0,0,0,0,0,0,0,0,0,0,0,0,0,0,0,0,0,0,0,0,0,0,0,0,0,0,0,0,0,0,0,0,0,0,0,,,0,0,0,0,0,1,,2,2,2,2,2,,,,,,,,0,0,0,0,0,0,0,0,,0,0,0,,0,0,0,0,0,1,1,,,,,,,,,,0,0,0,0,0,,
Hayes Elementary Active Student Cases,,,,,,,,,,,,,,,,,,4,4,3,3,2,4,4,6,6,6,6,4,4,4,10,10,11,11,11,13,11,15,15,14,11,9,7,6,4,3,3,1,0,1,1,1,1,2,2,2,2,1,1,1,2,2,2,1,1,1,1,1,1,0,0,0,0,0,0,0,0,0,0,0,0,0,0,0,0,1,2,2,,,2,0,0,0,0,1,,1,2,3,5,6,,,,,,,,1,0,0,0,0,0,0,0,,0,0,1,,1,1,1,1,2,2,2,,,,,,,,,,0,0,0,0,0,,
Hayes Elementary Active Auxiliary Cases,,,,,,,,,,,,,,,,,,0,0,0,0,0,0,0,0,0,0,0,0,0,0,0,0,0,0,0,0,0,0,0,0,0,0,0,0,0,0,0,0,0,0,0,0,0,0,0,0,0,0,0,0,0,0,0,0,0,0,0,0,0,0,0,0,0,0,0,0,0,0,0,0,0,0,0,0,0,0,0,0,,,0,0,0,0,0,0,,0,0,0,0,0,,,,,,,,0,0,0,0,0,0,0,1,,1,1,1,,1,1,1,1,0,0,0,,,,,,,,,,1,1,1,1,1,,
Holland Elementary Active Cases,,,,,,,,,,,,,,,,,,7,9,12,12,11,12,12,12,11,8,8,7,4,5,7,8,10,10,9,10,7,10,10,9,6,5,6,5,5,5,5,5,3,3,2,3,3,3,2,2,2,3,3,2,1,1,1,0,0,0,0,0,0,0,0,0,0,1,1,1,1,1,2,2,2,3,3,2,2,3,3,3,,,1,1,3,3,4,4,,3,3,3,4,3,,,,,,,,0,0,0,0,0,0,0,0,,0,0,0,,0,0,0,0,0,0,0,,,,,,,,,,6,6,6,7,7,,
Holland Elementary Active Staff Cases,,,,,,,,,,,,,,,,,,0,1,1,1,1,2,2,2,3,3,3,2,2,2,2,1,1,1,0,0,0,0,0,0,0,0,0,0,0,0,0,0,0,0,0,0,0,0,0,0,0,0,0,0,0,0,0,0,0,0,0,0,0,0,0,0,0,0,0,0,0,0,0,0,0,0,0,0,0,0,0,0,,,0,0,1,1,1,1,,1,1,1,1,0,,,,,,,,0,0,0,0,0,0,0,0,,0,0,0,,0,0,0,0,0,0,0,,,,,,,,,,5,5,6,7,7,,
Holland Elementary Active Student Cases,,,,,,,,,,,,,,,,,,7,8,11,11,10,10,10,10,8,5,5,5,2,3,5,7,9,9,9,10,7,10,10,9,6,5,6,5,5,5,5,5,3,3,2,3,3,3,2,2,2,3,3,2,1,1,1,0,0,0,0,0,0,0,0,0,0,1,1,1,1,1,2,2,2,3,3,2,2,3,3,3,,,1,1,2,2,3,3,,2,2,2,3,3,,,,,,,,0,0,0,0,0,0,0,0,,0,0,0,,0,0,0,0,0,0,0,,,,,,,,,,1,1,0,0,0,,
Holland Elementary Active Auxiliary Cases,,,,,,,,,,,,,,,,,,0,0,0,0,0,0,0,0,0,0,0,0,0,0,0,0,0,0,0,0,0,0,0,0,0,0,0,0,0,0,0,0,0,0,0,0,0,0,0,0,0,0,0,0,0,0,0,0,0,0,0,0,0,0,0,0,0,0,0,0,0,0,0,0,0,0,0,0,0,0,0,1,,,1,1,1,1,1,1,,0,0,0,0,0,,,,,,,,0,0,0,0,0,0,0,0,,0,0,0,,0,0,0,0,0,0,0,,,,,,,,,,0,0,0,0,0,,
Hutsell Elementary Active Cases,,,,,,,,,,,,,,,,,,3,5,3,3,3,3,3,2,2,2,2,2,2,2,2,2,2,2,1,1,1,2,3,6,6,6,7,7,7,6,6,3,2,1,2,5,5,5,3,3,3,3,3,3,0,0,0,0,0,0,0,0,0,0,1,2,3,3,3,3,3,3,3,2,0,1,1,1,1,1,1,2,,,1,1,2,2,2,2,,1,0,0,1,1,,,,,,,,1,1,1,0,0,0,0,0,,0,0,0,,0,1,1,2,3,3,5,,,,,,,,,,2,0,0,0,0,,
Hutsell Elementary Active Staff Cases,,,,,,,,,,,,,,,,,,1,1,1,1,1,1,1,0,0,0,0,0,0,0,0,0,0,0,0,0,0,0,0,0,0,0,0,0,0,0,0,0,0,0,0,0,0,0,0,0,0,0,0,0,0,0,0,0,0,0,0,0,0,0,0,0,1,1,1,1,1,1,1,1,0,0,0,0,0,0,0,0,,,0,0,0,0,0,0,,0,0,0,0,0,,,,,,,,1,1,1,0,0,0,0,0,,0,0,0,,0,1,1,2,2,2,2,,,,,,,,,,1,0,0,0,0,,
Hutsell Elementary Active Student Cases,,,,,,,,,,,,,,,,,,2,4,2,2,2,2,2,2,2,2,2,2,2,2,2,2,2,2,1,1,1,2,3,6,6,6,7,7,7,6,6,3,2,1,2,5,5,5,3,3,3,3,3,3,0,0,0,0,0,0,0,0,0,0,1,2,2,2,2,2,2,2,2,1,0,1,1,1,1,1,1,2,,,1,1,2,2,2,2,,1,0,0,1,1,,,,,,,,0,0,0,0,0,0,0,0,,0,0,0,,0,0,0,0,1,1,3,,,,,,,,,,1,0,0,0,0,,
Hutsell Elementary Active Auxiliary Cases,,,,,,,,,,,,,,,,,,0,0,0,0,0,0,0,0,0,0,0,0,0,0,0,0,0,0,0,0,0,0,0,0,0,0,1,1,1,1,2,2,2,2,1,1,1,1,1,1,0,0,0,0,0,0,0,0,0,0,0,0,0,0,0,0,0,0,0,0,0,0,0,0,0,0,0,0,0,0,0,0,,,0,0,0,0,0,0,,0,0,0,0,0,,,,,,,,0,0,0,0,0,0,0,0,,0,0,0,,0,0,0,0,0,0,0,,,,,,,,,,0,0,0,0,0,,
Jenks Elementary Active Cases,,,,,,,,,,,,,,,,,,2,3,3,3,2,3,3,2,4,5,4,4,4,4,4,5,3,3,3,3,4,6,7,6,4,4,5,6,7,7,5,6,6,10,10,15,16,18,16,15,15,15,19,20,22,17,16,17,19,19,16,11,9,6,5,5,5,4,4,4,5,6,6,5,5,5,5,2,2,1,2,1,,,1,1,1,2,2,4,,4,4,6,6,8,,,,,,,,11,10,8,13,11,14,14,12,,8,9,10,,6,4,3,3,3,2,3,,,,,,,,,,6,6,6,8,7,,
Jenks Elementary Active Staff Cases,,,,,,,,,,,,,,,,,,0,0,0,0,0,0,0,0,0,0,0,0,0,0,0,0,0,0,0,0,1,1,1,1,2,2,2,2,2,2,1,3,3,3,2,2,2,2,2,2,0,0,1,1,1,1,1,1,1,1,0,0,0,0,0,0,0,0,0,0,0,0,0,0,0,0,0,0,0,0,0,0,,,0,0,0,0,0,0,,0,0,1,1,1,,,,,,,,3,3,3,2,2,2,2,2,,1,1,1,,0,0,0,0,0,0,1,,,,,,,,,,6,6,6,8,7,,
Jenks Elementary Active Student Cases,,,,,,,,,,,,,,,,,,2,3,3,3,2,3,3,2,4,5,4,4,4,4,4,5,3,3,3,3,3,5,6,5,2,2,3,4,5,5,4,3,3,7,8,13,14,16,14,13,15,15,18,19,21,16,15,16,18,18,16,11,9,6,5,5,5,4,4,4,5,6,6,5,5,5,5,2,2,1,2,1,,,1,1,1,2,2,4,,4,4,5,5,7,,,,,,,,8,7,5,11,9,12,12,10,,7,8,9,,6,4,3,3,3,2,2,,,,,,,,,,0,0,0,0,0,,
Jenks Elementary Active Auxiliary Cases,,,,,,,,,,,,,,,,,,0,0,0,0,0,0,0,0,0,0,0,0,0,0,0,0,0,0,0,0,0,0,0,0,0,0,0,0,0,0,0,0,0,0,0,0,0,0,0,0,0,1,1,1,1,1,1,1,1,1,0,0,0,0,0,0,0,0,0,0,0,0,0,0,0,0,0,0,0,0,1,1,,,1,1,1,1,0,0,,0,0,0,0,0,,,,,,,,0,0,0,0,0,0,0,0,,0,0,0,,0,0,0,0,0,0,0,,,,,,,,,,0,0,0,0,0,,
Jordan High School Active Cases,,,,,,,,,,,,,,,,,,20,24,25,24,21,22,25,24,17,14,11,7,7,6,9,10,9,9,11,14,15,17,20,19,18,17,16,18,16,14,12,12,7,6,4,3,4,4,3,2,2,2,2,4,4,4,4,4,4,4,4,3,3,2,2,2,2,2,2,0,0,0,0,0,0,0,0,0,0,0,0,0,,,0,0,0,0,0,0,,0,0,0,1,1,,,,,,,,0,0,0,0,0,2,2,2,,2,2,2,,4,5,4,4,4,5,6,,,,,,,,,,1,1,1,0,3,,
Jordan High School Active Staff Cases,,,,,,,,,,,,,,,,,,0,0,0,0,0,0,0,0,0,0,0,0,0,1,1,3,3,4,4,4,3,3,3,2,2,1,1,1,1,1,1,1,1,1,0,0,0,0,0,0,0,0,0,0,0,0,0,0,0,0,0,0,0,0,0,0,0,0,0,0,0,0,0,0,0,0,0,0,0,0,0,0,,,0,0,0,0,0,0,,0,0,0,0,0,,,,,,,,0,0,0,0,0,0,0,0,,0,0,0,,0,0,0,0,0,0,0,,,,,,,,,,1,1,1,0,1,,
Jordan High School Active Student Cases,,,,,,,,,,,,,,,,,,20,24,25,24,21,22,25,24,17,14,11,7,7,5,8,7,6,5,7,10,12,14,17,17,16,16,15,17,15,13,11,11,6,5,4,3,4,4,3,2,2,2,2,4,4,4,4,4,4,4,4,3,3,2,2,2,2,2,2,0,0,0,0,0,0,0,0,0,0,0,0,0,,,0,0,0,0,0,0,,0,0,0,1,1,,,,,,,,0,0,0,0,0,2,2,2,,2,2,2,,4,5,4,4,4,5,6,,,,,,,,,,0,0,0,0,2,,
Jordan High School Active Auxiliary Cases,,,,,,,,,,,,,,,,,,0,0,0,0,0,0,0,0,0,0,0,0,0,0,0,0,0,0,0,0,1,1,1,0,0,0,0,0,0,0,0,0,0,0,0,0,0,0,0,0,0,0,0,0,0,0,0,0,0,0,0,0,0,0,0,0,0,0,0,0,0,0,0,0,0,0,0,0,0,0,0,0,,,0,0,0,0,0,0,,0,0,0,0,0,,,,,,,,0,0,0,0,0,0,0,0,,0,0,0,,0,0,0,0,0,0,0,,,,,,,,,,0,0,1,1,1,,
Katy Junior High Active Cases,,,,,,,,,0,1,2,2,3,2,4,7,9,9,9,9,9,8,10,8,12,13,13,15,13,13,15,15,19,19,14,12,9,9,14,13,10,9,6,7,7,7,6,5,5,4,8,9,9,9,8,7,6,6,8,7,4,4,4,4,2,2,3,2,3,3,3,2,2,2,2,1,1,1,1,1,1,1,2,2,2,3,4,4,3,,,3,2,1,1,0,0,,0,1,1,1,1,,,,,,,,0,0,0,0,0,0,0,0,,0,0,0,,0,0,0,0,0,1,2,,,,,,,,,,2,1,3,4,4,,
Katy Junior High Active Staff Cases,,,,,,,,,0,0,1,1,1,1,1,1,1,1,1,0,0,0,2,3,3,3,3,3,3,3,3,2,2,1,1,1,1,1,1,1,1,1,0,0,0,0,0,1,1,1,1,1,1,1,1,0,0,1,2,2,2,2,2,2,1,1,1,0,0,0,0,0,0,0,0,0,0,0,1,1,1,1,1,1,1,1,1,1,0,,,0,0,0,0,0,0,,0,1,1,1,1,,,,,,,,0,0,0,0,0,0,0,0,,0,0,0,,0,0,0,0,0,1,2,,,,,,,,,,1,1,3,4,4,,
Katy Junior High Active Student Cases,,,,,,,,,0,1,1,1,2,1,3,3,8,8,8,9,9,8,8,5,9,10,10,12,10,10,12,13,17,18,13,11,8,8,13,12,9,8,6,7,7,7,6,4,4,3,7,8,8,8,7,7,6,5,6,5,2,2,2,2,1,1,2,2,3,3,3,2,2,2,2,1,1,1,0,0,0,0,1,1,1,2,3,3,3,,,3,2,1,1,0,0,,0,0,0,0,0,,,,,,,,0,0,0,0,0,0,0,0,,0,0,0,,0,0,0,0,0,0,0,,,,,,,,,,1,0,0,0,0,,
Katy Junior High Active Auxiliary Cases,,,,,,,,,0,0,0,0,0,0,0,0,0,0,0,0,0,0,0,0,0,0,0,0,0,0,1,1,1,1,1,1,1,1,1,1,0,0,0,0,0,0,0,0,0,0,0,0,0,0,0,0,0,0,0,0,0,0,0,0,0,0,0,0,0,0,0,0,0,0,0,0,0,0,0,0,0,0,0,0,0,0,0,0,0,,,0,0,0,0,0,0,,0,0,0,0,0,,,,,,,,0,0,0,0,0,0,0,0,,0,0,0,,0,0,0,0,0,0,0,,,,,,,,,,0,0,0,0,0,,
Katy Elementary Active Cases,,,,,,,,,,,,,,,,,,12,16,17,17,17,18,21,21,18,17,17,16,14,14,15,14,12,13,11,9,8,7,7,5,3,3,1,1,1,2,3,3,3,3,4,4,3,3,3,1,1,1,0,0,0,0,0,0,1,1,1,1,1,1,1,0,0,0,0,0,0,0,0,0,0,0,0,0,0,0,0,0,,,0,0,0,0,0,0,,0,0,0,0,0,,,,,,,,1,1,1,1,1,1,0,0,,0,0,0,,0,0,0,0,0,0,0,,,,,,,,,,0,0,0,0,0,,
Katy Elementary Active Staff Cases,,,,,,,,,,,,,,,,,,2,2,2,2,1,1,2,2,2,2,2,2,2,3,3,2,1,1,1,1,1,1,1,0,0,0,0,0,0,0,0,0,0,0,0,0,0,0,0,0,0,0,0,0,0,0,0,0,0,0,0,0,0,0,0,0,0,0,0,0,0,0,0,0,0,0,0,0,0,0,0,0,,,0,0,0,0,0,0,,0,0,0,0,0,,,,,,,,0,0,0,0,0,0,0,0,,0,0,0,,0,0,0,0,0,0,0,,,,,,,,,,0,0,0,0,0,,
Katy Elementary Active Student Cases,,,,,,,,,,,,,,,,,,10,14,15,15,16,17,19,19,16,15,15,14,12,11,12,12,11,12,10,8,7,6,6,5,3,3,1,1,1,2,3,3,3,3,4,4,3,3,3,1,1,1,0,0,0,0,0,0,1,1,1,1,1,1,1,0,0,0,0,0,0,0,0,0,0,0,0,0,0,0,0,0,,,0,0,0,0,0,0,,0,0,0,0,0,,,,,,,,1,1,1,1,1,1,0,0,,0,0,0,,0,0,0,0,0,0,0,,,,,,,,,,0,0,0,0,0,,
Katy Elementary Active Auxiliary Cases,,,,,,,,,,,,,,,,,,0,0,0,0,0,0,0,0,0,0,0,0,0,0,0,0,0,0,0,0,0,0,0,0,0,0,0,0,0,0,0,0,0,0,0,0,0,0,0,0,0,0,0,0,0,0,0,0,0,0,0,0,0,0,0,0,0,0,0,0,0,0,0,0,0,0,0,0,0,0,0,0,,,0,0,0,0,0,0,,0,0,0,0,0,,,,,,,,0,0,0,0,0,0,0,0,,0,0,0,,1,1,1,1,1,1,1,,,,,,,,,,0,0,0,0,0,,
Katy High School Active Cases,,,,,,,,,,,,,,,,,,16,19,21,21,19,28,34,31,32,31,28,26,20,26,28,27,24,22,20,15,16,18,20,17,13,12,10,12,13,13,13,9,8,7,7,8,8,5,4,4,3,3,3,4,3,2,2,2,2,3,3,5,5,3,1,2,2,7,8,8,7,6,7,7,7,7,7,3,3,2,3,3,,,2,1,1,1,2,2,,1,3,3,4,4,,,,,,,,2,2,4,4,5,6,6,5,,6,6,4,,3,3,2,4,5,4,5,,,,,,,,,,5,2,2,3,3,,
Katy High School Active Staff Cases,,,,,,,,,,,,,,,,,,2,2,2,2,1,4,5,4,6,6,6,6,6,8,7,5,4,4,3,3,3,3,3,1,1,0,0,0,0,0,0,0,0,0,0,1,1,1,1,1,1,1,1,1,1,0,0,0,0,0,0,0,0,0,0,0,0,1,1,1,1,1,1,1,1,1,1,0,0,0,0,0,,,0,0,0,0,0,0,,0,1,1,1,1,,,,,,,,0,0,1,1,1,1,1,1,,1,1,1,,0,0,0,1,1,1,2,,,,,,,,,,1,1,2,3,3,,
Katy High School Active Student Cases,,,,,,,,,,,,,,,,,,14,17,19,19,18,24,29,27,26,25,22,20,14,18,21,22,20,18,17,12,13,15,17,16,12,12,10,12,13,13,13,9,8,7,7,7,7,4,3,3,2,2,2,3,2,2,2,2,2,3,3,5,5,3,1,2,2,6,7,7,6,5,6,6,6,6,6,3,3,2,3,3,,,2,1,1,1,2,2,,1,2,2,3,3,,,,,,,,2,2,3,3,4,5,5,4,,5,5,3,,3,3,2,3,4,3,3,,,,,,,,,,4,1,0,0,0,,
Katy High School Active Auxiliary Cases,,,,,,,,,,,,,,,,,,0,0,0,0,0,1,1,1,1,2,2,2,2,2,2,2,2,2,1,1,1,1,1,1,0,0,0,0,0,0,0,0,0,0,0,0,0,0,0,0,0,0,0,0,0,0,0,0,0,0,0,0,0,0,0,0,0,0,0,0,0,0,0,0,0,0,0,0,0,0,0,0,,,0,0,0,0,0,0,,0,0,0,0,0,,,,,,,,0,0,0,0,0,0,1,1,,1,1,1,,1,1,0,0,0,0,0,,,,,,,,,,0,0,0,0,0,,
Kilpatrick Elementary Active Cases,,,,,,,,,,,,,,,,,,2,2,3,3,2,3,3,2,2,2,3,3,3,2,2,2,3,3,3,2,2,1,1,1,0,0,0,2,2,2,2,2,1,1,1,1,1,0,0,0,0,0,0,0,0,0,0,0,0,0,0,0,0,0,0,0,0,0,0,0,0,0,0,1,1,1,1,1,1,2,2,3,,,2,2,2,1,1,1,,0,0,0,0,0,,,,,,,,0,0,0,0,0,0,0,0,,1,1,4,,5,6,5,5,8,10,12,,,,,,,,,,4,1,1,1,3,,
Kilpatrick Elementary Active Staff Cases,,,,,,,,,,,,,,,,,,0,0,0,0,0,0,0,0,0,0,0,0,1,1,1,1,1,1,1,1,1,0,0,0,0,0,0,0,0,0,0,0,0,0,0,0,0,0,0,0,0,0,0,0,0,0,0,0,0,0,0,0,0,0,0,0,0,0,0,0,0,0,0,0,0,0,0,0,0,0,0,0,,,0,0,0,0,0,0,,0,0,0,0,0,,,,,,,,0,0,0,0,0,0,0,0,,0,0,0,,0,0,0,0,0,0,0,,,,,,,,,,1,1,1,1,3,,
Kilpatrick Elementary Active Student Cases,,,,,,,,,,,,,,,,,,2,2,3,3,2,3,3,2,2,2,3,3,2,1,1,1,2,2,2,1,1,1,1,1,0,0,0,2,2,2,2,2,1,1,1,1,1,0,0,0,0,0,0,0,0,0,0,0,0,0,0,0,0,0,0,0,0,0,0,0,0,0,0,1,1,1,1,1,1,2,2,3,,,2,2,2,1,1,1,,0,0,0,0,0,,,,,,,,0,0,0,0,0,0,0,0,,1,1,4,,5,6,5,5,8,10,12,,,,,,,,,,3,0,0,0,0,,
Kilpatrick Elementary Active Auxiliary Cases,,,,,,,,,,,,,,,,,,0,0,0,0,0,0,0,0,0,0,0,0,0,0,0,0,0,0,0,0,0,0,0,0,0,0,0,0,0,0,0,0,0,0,0,0,0,0,0,0,0,0,0,0,0,0,0,0,0,0,0,0,0,0,0,0,0,0,0,0,0,0,0,0,0,0,0,0,0,0,0,0,,,0,0,0,0,0,0,,0,0,0,0,0,,,,,,,,0,0,0,0,0,0,0,0,,0,0,0,,0,0,0,0,0,0,0,,,,,,,,,,1,1,1,0,0,,
King Elementary Active Cases,,,,,,,,,3,3,3,4,5,3,2,2,3,3,3,3,3,3,5,6,6,6,4,6,6,6,7,7,5,7,6,6,4,4,4,4,4,3,3,3,4,4,4,4,2,1,2,4,6,8,8,8,8,8,8,9,8,7,4,3,3,3,2,3,3,1,1,2,2,2,2,2,2,2,0,0,0,0,0,0,0,0,0,0,0,,,0,0,1,1,1,1,,1,1,1,1,2,,,,,,,,2,1,0,0,0,0,0,0,,0,1,1,,1,1,1,0,0,2,4,,,,,,,,,,6,7,7,7,6,,
King Elementary Active Staff Cases,,,,,,,,,3,3,3,3,3,1,0,0,0,0,0,0,0,0,0,0,0,0,0,0,0,0,0,0,0,0,0,1,1,1,1,1,1,1,1,1,0,0,0,0,0,0,0,1,1,1,1,1,1,1,1,2,2,2,2,2,2,2,2,2,2,0,0,0,0,0,0,0,0,0,0,0,0,0,0,0,0,0,0,0,0,,,0,0,1,1,1,1,,1,1,1,1,2,,,,,,,,2,1,0,0,0,0,0,0,,0,0,0,,0,0,0,0,0,0,0,,,,,,,,,,4,5,5,6,5,,
King Elementary Active Student Cases,,,,,,,,,0,0,0,2,2,2,2,2,3,3,3,3,3,3,5,6,6,6,4,6,6,6,7,7,5,7,6,5,3,3,3,3,3,2,2,2,4,4,4,4,2,1,2,3,5,7,7,7,7,7,7,7,6,5,2,1,1,1,0,1,1,1,1,2,2,2,2,2,2,2,0,0,0,0,0,0,0,0,0,0,0,,,0,0,0,0,0,0,,0,0,0,0,0,,,,,,,,0,0,0,0,0,0,0,0,,0,1,1,,1,1,1,0,0,2,4,,,,,,,,,,2,2,2,1,1,,
King Elementary Active Auxiliary Cases,,,,,,,,,0,1,1,1,1,2,2,2,2,2,1,1,1,1,1,0,0,0,0,0,0,0,0,0,0,0,0,0,0,0,0,0,0,0,0,0,0,0,0,0,0,0,0,0,0,0,0,0,0,0,0,0,0,0,0,0,0,0,0,0,0,0,0,0,0,0,0,0,0,0,0,0,0,0,0,0,0,0,0,0,0,,,0,0,0,0,0,0,,0,0,0,0,0,,,,,,,,0,0,0,0,0,0,0,0,,0,0,0,,0,0,0,0,0,0,0,,,,,,,,,,0,0,0,0,0,,
Leonard Elementary Active Cases,,,,,,,,,,,,,,,,,,11,11,20,20,21,26,34,36,35,37,32,28,18,19,18,13,11,8,7,7,6,8,10,9,8,7,11,11,13,12,11,5,5,4,2,4,3,3,1,1,1,1,2,3,3,3,3,3,3,3,4,5,4,2,2,2,3,3,3,4,2,3,3,3,3,2,2,0,0,0,0,0,,,0,0,2,3,3,3,,3,3,2,3,2,,,,,,,,0,0,0,0,0,1,1,1,,1,2,2,,1,1,1,1,3,3,3,,,,,,,,,,4,2,2,2,2,,
Leonard Elementary Active Staff Cases,,,,,,,,,,,,,,,,,,2,3,5,5,6,6,6,5,5,5,4,4,4,4,4,4,4,3,3,3,2,2,2,2,2,1,0,0,1,1,1,1,1,1,1,0,0,0,0,0,0,0,0,1,1,1,1,1,1,1,1,1,1,0,0,0,0,0,0,0,0,0,0,0,0,0,0,0,0,0,0,0,,,0,0,0,0,0,0,,0,0,0,0,0,,,,,,,,0,0,0,0,0,0,0,0,,0,0,0,,0,0,0,0,0,0,0,,,,,,,,,,4,2,2,2,2,,
Leonard Elementary Active Student Cases,,,,,,,,,,,,,,,,,,9,8,15,15,15,20,28,31,30,32,28,24,14,15,14,9,7,5,4,4,4,6,8,7,6,6,11,11,12,11,10,4,4,3,1,4,3,3,1,1,1,1,2,2,2,2,2,2,2,2,3,4,3,2,2,2,3,3,3,4,2,3,3,3,3,2,2,0,0,0,0,0,,,0,0,2,3,3,3,,3,3,2,3,2,,,,,,,,0,0,0,0,0,1,1,1,,1,2,2,,1,1,1,1,3,3,3,,,,,,,,,,0,0,0,0,0,,
Leonard Elementary Active Auxiliary Cases,,,,,,,,,,,,,,,,,,0,0,0,0,0,0,0,0,0,0,0,0,0,0,0,0,0,0,0,0,0,0,0,0,0,0,0,0,0,0,0,0,0,0,1,1,1,1,1,1,1,1,1,0,0,0,0,0,0,0,0,0,0,0,0,0,0,0,0,0,0,0,0,0,0,0,0,0,0,0,0,0,,,0,0,0,0,0,0,,0,0,0,0,0,,,,,,,,0,0,0,0,0,0,0,0,,0,0,0,,0,0,0,0,0,0,0,,,,,,,,,,2,2,2,1,1,,
Mayde Creek Elementary Active Cases,,,,,,,,,,,,,,,,,,8,9,9,9,6,7,12,13,14,12,8,7,6,10,12,11,13,13,13,12,12,12,10,8,6,3,3,3,3,3,2,1,1,3,3,3,3,4,4,4,5,6,6,4,4,3,2,1,1,1,1,1,1,2,2,3,5,5,5,5,5,4,3,3,2,2,2,1,1,0,0,1,,,1,1,1,1,1,1,,0,0,0,0,0,,,,,,,,1,1,1,1,1,2,1,1,,1,3,3,,3,3,5,6,4,4,4,,,,,,,,,,7,6,7,11,11,,
Mayde Creek Elementary Active Staff Cases,,,,,,,,,,,,,,,,,,1,2,3,2,2,3,3,3,3,3,3,2,1,2,2,2,3,3,3,3,3,3,3,2,2,0,0,0,0,0,0,0,0,0,1,1,1,1,1,1,1,1,1,0,0,0,0,0,0,0,1,1,1,2,2,2,2,2,2,2,1,1,0,0,0,0,0,0,0,0,0,1,,,1,1,1,1,1,1,,0,0,0,0,0,,,,,,,,1,1,1,1,1,1,0,0,,0,0,0,,0,0,0,1,1,1,1,,,,,,,,,,5,4,7,10,10,,
Mayde Creek Elementary Active Student Cases,,,,,,,,,,,,,,,,,,7,7,6,7,4,4,9,10,11,9,5,5,5,8,10,9,10,10,10,9,9,9,7,6,4,3,3,3,3,3,2,1,1,3,2,2,2,3,3,3,4,5,5,4,4,3,2,1,1,1,0,0,0,0,0,1,3,3,3,3,4,3,3,3,2,2,2,1,1,0,0,0,,,0,0,0,0,0,0,,0,0,0,0,0,,,,,,,,0,0,0,0,0,1,1,1,,1,3,3,,3,3,5,5,3,3,3,,,,,,,,,,2,2,0,1,1,,
Mayde Creek Elementary Active Auxiliary Cases,,,,,,,,,,,,,,,,,,0,0,0,0,0,0,0,0,1,1,1,1,1,1,1,0,0,0,0,0,0,0,0,0,0,0,0,0,0,0,0,0,0,0,0,0,0,0,0,0,0,0,0,0,0,0,0,0,0,1,1,1,1,1,1,1,1,1,0,0,0,0,0,0,0,0,0,0,0,0,0,0,,,0,0,0,0,0,0,,0,0,0,0,0,,,,,,,,0,0,0,0,0,0,0,0,,0,0,0,,0,0,0,0,0,0,0,,,,,,,,,,0,1,1,1,1,,
Mayde Creek Junior High Active Cases,,,,,,,,,,,,,,,,,,9,10,9,8,6,7,8,8,9,9,9,8,8,8,10,10,13,10,9,10,9,9,9,9,9,7,6,7,6,7,7,5,4,5,5,4,4,3,2,0,1,1,1,1,1,1,0,0,0,1,1,1,1,1,1,1,2,2,2,1,1,2,2,2,2,2,1,1,1,1,1,1,,,1,1,1,1,1,0,,2,2,2,2,2,,,,,,,,0,0,0,1,1,1,1,1,,1,1,1,,1,1,0,0,1,2,2,,,,,,,,,,1,1,0,1,1,,
Mayde Creek Junior High Active Staff Cases,,,,,,,,,,,,,,,,,,1,1,1,0,0,0,0,0,0,0,0,0,0,1,1,1,2,2,2,2,2,1,2,2,2,1,1,1,1,1,1,1,0,0,0,0,0,0,0,0,0,0,0,0,0,0,0,0,0,0,0,0,0,0,0,0,0,0,0,0,0,0,0,0,0,0,0,0,0,0,0,0,,,0,0,0,0,0,0,,2,2,2,2,2,,,,,,,,0,0,0,0,0,0,1,1,,1,1,1,,1,1,0,0,1,1,1,,,,,,,,,,0,0,0,1,1,,
Mayde Creek Junior High Active Student Cases,,,,,,,,,,,,,,,,,,8,9,8,8,6,7,8,8,9,9,9,8,8,7,9,9,11,8,7,8,7,8,7,7,7,6,5,6,5,6,6,4,4,5,5,4,4,3,2,0,1,1,1,1,1,1,0,0,0,1,1,1,1,1,1,1,2,2,2,1,1,2,2,2,2,2,1,1,1,1,1,1,,,1,1,1,1,1,0,,0,0,0,0,0,,,,,,,,0,0,0,1,1,1,0,0,,0,0,0,,0,0,0,0,0,1,1,,,,,,,,,,1,1,0,0,0,,
Mayde Creek Junior High Active Auxiliary Cases,,,,,,,,,,,,,,,,,,2,2,2,1,0,0,0,0,0,0,0,0,0,0,0,0,0,0,0,0,0,0,0,0,0,0,0,0,0,0,0,0,0,0,0,0,0,0,0,0,0,0,0,0,0,0,0,0,0,0,0,0,0,0,0,0,0,0,0,0,0,0,0,0,0,0,0,0,0,0,0,0,,,0,0,0,0,0,0,,0,0,0,0,0,,,,,,,,0,0,0,0,0,0,0,0,,0,0,0,,0,0,0,0,0,0,0,,,,,,,,,,0,0,0,0,0,,
Mayde Creek High School Active Cases,,,,,,,,,,,,,,,,,,12,13,13,13,12,15,13,13,12,12,11,9,8,9,9,9,7,8,8,9,10,9,8,7,7,6,4,3,3,2,2,3,2,2,2,1,0,1,1,1,2,3,4,4,4,4,3,2,3,3,2,2,1,1,2,3,2,3,4,4,2,4,4,4,4,3,3,2,3,3,3,2,,,3,2,2,2,1,1,,1,0,0,0,0,,,,,,,,1,1,2,1,1,1,1,1,,1,2,2,,2,1,1,1,0,0,0,,,,,,,,,,3,3,3,6,7,,
Mayde Creek High School Active Staff Cases,,,,,,,,,,,,,,,,,,5,6,6,6,5,6,5,6,6,6,5,3,3,3,3,3,2,2,2,2,3,3,3,2,2,2,2,1,1,0,0,1,1,1,1,1,0,1,1,1,2,3,4,4,4,4,3,2,2,2,1,1,0,0,0,0,0,1,1,1,1,2,2,2,2,2,2,1,2,2,2,1,,,1,1,1,1,0,0,,0,0,0,0,0,,,,,,,,1,1,1,1,0,0,0,0,,0,0,0,,0,0,0,0,0,0,0,,,,,,,,,,1,1,1,3,3,,
Mayde Creek High School Active Student Cases,,,,,,,,,,,,,,,,,,7,7,7,7,7,9,8,7,6,6,6,6,5,6,6,6,5,6,6,7,7,6,5,5,5,4,2,2,2,2,2,2,1,1,1,0,0,0,0,0,0,0,0,0,0,0,0,0,1,1,1,1,1,1,2,3,2,2,3,3,1,2,2,2,2,1,1,1,1,1,1,1,,,2,1,1,1,1,1,,1,0,0,0,0,,,,,,,,0,0,1,0,1,1,1,1,,1,2,2,,2,1,1,1,0,0,0,,,,,,,,,,2,2,2,3,4,,
Mayde Creek High School Active Auxiliary Cases,,,,,,,,,,,,,,,,,,1,1,1,1,1,1,1,4,4,4,4,3,3,3,3,3,3,0,0,0,1,1,1,1,1,1,1,1,1,0,0,0,0,0,0,0,0,0,0,0,0,0,0,0,0,0,0,0,0,0,0,0,0,0,0,0,0,0,0,0,0,0,0,0,0,0,0,0,0,0,0,0,,,0,0,0,0,0,0,,0,0,0,0,0,,,,,,,,0,0,0,0,0,0,0,0,,0,0,0,,0,0,0,0,0,0,0,,,,,,,,,,0,0,0,2,2,,
McDonald Junior High Active Cases,,,,,,,,,,,,,,,,,,4,4,4,4,1,2,1,1,2,2,2,2,1,1,3,5,6,4,5,6,6,8,10,10,10,9,9,8,8,9,9,3,2,3,3,7,5,5,5,4,5,5,7,7,4,4,4,4,6,6,5,5,4,6,4,3,4,4,5,4,4,3,3,1,1,1,1,0,0,0,0,0,,,0,0,0,0,0,0,,0,0,0,0,0,,,,,,,,0,0,0,0,0,0,0,0,,0,0,0,,0,0,0,0,0,0,1,,,,,,,,,,0,0,0,0,1,,
McDonald Junior High Active Staff Cases,,,,,,,,,,,,,,,,,,0,0,0,0,0,0,0,0,0,0,0,0,0,0,0,0,0,0,0,0,0,0,0,0,0,0,0,0,0,0,0,0,0,0,0,1,1,1,1,1,1,1,1,1,1,0,0,0,0,0,0,0,0,0,0,0,0,0,0,0,0,0,0,0,0,0,0,0,0,0,0,0,,,0,0,0,0,0,0,,0,0,0,0,0,,,,,,,,0,0,0,0,0,0,0,0,,0,0,0,,0,0,0,0,0,0,0,,,,,,,,,,0,0,0,0,1,,
McDonald Junior High Active Student Cases,,,,,,,,,,,,,,,,,,4,4,4,4,1,2,1,1,2,2,2,2,1,1,3,5,6,4,5,6,6,8,10,10,10,9,9,8,8,9,9,3,2,3,3,6,4,4,4,3,4,4,6,6,3,4,4,4,6,6,5,5,4,6,4,3,4,4,5,4,4,3,3,1,1,1,1,0,0,0,0,0,,,0,0,0,0,0,0,,0,0,0,0,0,,,,,,,,0,0,0,0,0,0,0,0,,0,0,0,,0,0,0,0,0,0,1,,,,,,,,,,0,0,0,0,0,,
McDonald Junior High Active Auxiliary Cases,,,,,,,,,,,,,,,,,,0,0,0,0,0,0,0,0,0,1,1,1,1,2,2,2,2,2,1,1,0,0,0,0,0,0,0,0,0,0,0,0,0,0,0,0,0,0,0,0,0,0,0,0,0,0,0,0,0,0,0,0,0,0,0,0,0,0,0,0,0,0,0,0,0,0,0,0,0,0,0,0,,,0,0,0,0,0,0,,0,0,0,0,0,,,,,,,,0,0,0,0,0,0,0,0,,0,0,0,,0,0,0,0,0,0,0,,,,,,,,,,0,0,0,0,0,,
McElwain Elementary Active Cases,,,,,,,,,,,,,,,,,,4,7,8,8,9,15,17,19,19,20,18,14,12,9,9,9,8,8,7,6,5,9,10,10,10,9,11,11,12,15,15,13,13,13,15,12,12,12,8,5,7,6,6,5,6,6,6,6,6,8,9,11,8,8,7,6,6,6,5,4,3,4,4,4,4,4,3,3,3,3,5,4,,,3,2,4,6,6,7,,5,12,13,15,14,,,,,,,,1,0,0,0,0,0,0,0,,0,0,0,,5,5,5,5,8,10,11,,,,,,,,,,4,3,2,1,2,,
McElwain Elementary Active Staff Cases,,,,,,,,,,,,,,,,,,0,0,0,0,0,0,0,0,0,0,0,0,0,0,0,0,0,1,1,1,1,1,1,1,1,1,0,0,0,0,0,0,0,0,0,0,0,0,0,0,0,0,0,0,0,0,0,1,1,1,2,2,2,2,2,2,2,1,1,1,0,0,0,0,0,0,0,0,0,0,2,2,,,2,2,2,2,2,2,,0,0,0,0,0,,,,,,,,0,0,0,0,0,0,0,0,,0,0,0,,4,4,4,4,5,5,6,,,,,,,,,,4,3,2,1,2,,
McElwain Elementary Active Student Cases,,,,,,,,,,,,,,,,,,4,7,8,8,9,15,17,19,19,20,18,14,12,9,9,9,8,7,6,5,4,8,9,9,9,8,11,11,12,15,15,13,13,13,15,12,12,12,8,5,7,6,6,5,6,6,6,5,5,7,7,9,6,6,5,4,4,5,4,3,3,4,4,4,4,4,3,3,3,3,3,2,,,1,0,2,4,4,5,,5,12,13,15,14,,,,,,,,1,0,0,0,0,0,0,0,,0,0,0,,1,1,1,1,3,5,5,,,,,,,,,,0,0,0,0,0,,
McElwain Elementary Active Auxiliary Cases,,,,,,,,,,,,,,,,,,0,0,0,0,0,0,0,0,0,0,0,0,0,0,0,0,0,0,0,0,0,0,0,1,1,1,1,1,1,1,1,1,1,0,0,0,0,0,0,0,0,0,0,0,0,0,0,0,0,0,0,0,0,0,0,0,0,0,0,0,0,1,1,1,1,1,1,1,1,1,1,0,,,0,0,0,0,0,0,,0,0,0,0,0,,,,,,,,0,0,0,0,0,0,0,0,,0,0,0,,0,0,0,0,0,0,0,,,,,,,,,,1,2,1,0,0,,
McMeans Junior High Active Cases,,,,,,,,,,,,,,,,,,11,15,19,21,23,25,29,29,27,25,21,19,17,14,17,18,13,13,13,14,10,10,9,9,9,7,4,4,3,2,4,4,3,3,3,4,4,4,3,2,2,2,0,0,0,0,0,0,0,0,0,1,1,1,1,2,2,2,2,2,1,1,2,3,3,3,3,3,3,3,3,2,,,0,0,0,0,0,0,,0,0,0,0,0,,,,,,,,0,0,0,0,0,0,0,0,,0,0,0,,0,0,0,0,1,1,4,,,,,,,,,,6,5,4,4,3,,
McMeans Junior High Active Staff Cases,,,,,,,,,,,,,,,,,,1,2,3,2,2,2,2,2,2,2,1,0,1,1,2,4,4,4,4,4,3,3,2,2,2,0,0,0,0,0,0,0,0,0,0,0,0,0,0,0,0,0,0,0,0,0,0,0,0,0,0,0,0,0,0,0,0,0,0,0,0,0,0,0,0,0,0,0,0,0,0,0,,,0,0,0,0,0,0,,0,0,0,0,0,,,,,,,,0,0,0,0,0,0,0,0,,0,0,0,,0,0,0,0,1,1,2,,,,,,,,,,4,4,4,4,3,,
McMeans Junior High Active Student Cases,,,,,,,,,,,,,,,,,,10,13,16,19,21,23,27,27,25,23,20,19,16,13,15,14,9,9,9,10,7,7,7,7,7,7,4,4,3,2,4,4,3,3,3,4,4,4,3,2,2,2,0,0,0,0,0,0,0,0,0,1,1,1,1,2,2,2,2,2,1,1,2,3,3,3,3,3,3,3,3,2,,,0,0,0,0,0,0,,0,0,0,0,0,,,,,,,,0,0,0,0,0,0,0,0,,0,0,0,,0,0,0,0,0,0,2,,,,,,,,,,2,1,0,0,0,,
McMeans Junior High Active Auxiliary Cases,,,,,,,,,,,,,,,,,,0,0,0,0,0,0,0,0,0,0,0,0,0,0,0,0,0,0,0,1,1,1,1,1,1,1,1,0,0,0,0,0,0,0,0,0,0,0,0,0,0,0,0,0,0,0,0,0,0,0,0,0,0,0,0,0,0,0,0,0,0,0,0,0,0,0,0,0,0,0,0,0,,,0,0,0,0,0,0,,0,0,0,0,0,,,,,,,,0,0,0,0,0,0,0,0,,0,0,0,,0,0,0,0,0,0,0,,,,,,,,,,1,1,1,1,1,,
McRoberts Elementary Active Cases,,,,,,,,,,,,,,,,,,9,10,13,13,11,15,18,18,17,15,15,13,8,12,12,7,15,11,11,5,7,10,10,8,8,8,6,4,5,4,4,2,2,3,3,3,1,1,1,1,1,1,1,1,1,1,1,0,0,1,2,2,2,2,2,1,1,1,0,0,0,0,0,0,0,0,0,0,0,0,0,0,,,0,0,0,1,1,1,,1,1,1,1,1,,,,,,,,0,0,0,0,0,0,0,0,,0,0,0,,0,0,0,0,0,0,0,,,,,,,,,,0,0,1,0,0,,
McRoberts Elementary Active Staff Cases,,,,,,,,,,,,,,,,,,2,2,2,2,2,2,2,2,3,2,2,2,2,3,3,2,3,2,2,1,1,1,1,0,0,0,0,0,0,0,0,0,0,0,0,0,0,0,0,0,0,0,0,0,0,0,0,0,0,0,0,0,0,0,0,0,0,0,0,0,0,0,0,0,0,0,0,0,0,0,0,0,,,0,0,0,0,0,0,,0,0,0,0,0,,,,,,,,0,0,0,0,0,0,0,0,,0,0,0,,0,0,0,0,0,0,0,,,,,,,,,,0,0,0,0,0,,
McRoberts Elementary Active Student Cases,,,,,,,,,,,,,,,,,,7,8,11,11,9,13,16,16,14,13,13,11,6,9,9,5,12,9,9,4,6,9,9,8,8,8,6,4,5,4,4,2,2,3,3,3,1,1,1,1,1,1,1,1,1,1,1,0,0,1,2,2,2,2,2,1,1,1,0,0,0,0,0,0,0,0,0,0,0,0,0,0,,,0,0,0,1,1,1,,1,1,1,1,1,,,,,,,,0,0,0,0,0,0,0,0,,0,0,0,,0,0,0,0,0,0,0,,,,,,,,,,0,0,1,0,0,,
McRoberts Elementary Active Auxiliary Cases,,,,,,,,,,,,,,,1,,,1,1,1,1,0,0,0,0,0,0,0,0,0,0,0,0,0,0,0,0,0,0,0,0,0,0,0,0,0,0,0,0,0,0,0,0,0,0,0,0,0,0,0,0,0,0,0,0,0,0,0,0,0,0,0,0,0,0,0,0,0,0,0,0,0,0,0,0,0,0,0,0,,,0,0,0,0,0,0,,0,0,0,0,0,,,,,,,,0,0,0,0,0,0,0,0,,0,0,0,,0,0,0,0,0,0,0,,,,,,,,,,0,0,0,0,0,,
Memorial Parkway Junior High Active Cases,,,,,,,,,,,,,,,2,,,1,0,0,0,0,2,2,2,2,2,2,2,3,4,6,9,11,11,11,13,15,18,19,18,17,16,15,16,14,14,12,9,7,7,4,4,3,5,5,4,4,4,7,7,8,9,7,7,11,13,13,12,8,7,7,7,6,6,2,1,1,1,1,1,0,0,0,0,0,0,0,0,,,0,0,0,0,0,0,,0,0,0,0,0,,,,,,,,1,1,1,1,1,0,0,0,,0,0,1,,1,1,1,1,2,2,2,,,,,,,,,,0,0,0,1,1,,
Memorial Parkway Junior High Active Staff Cases,,,,,,,,,,,,,,,0,,,0,0,0,0,0,0,0,0,0,0,0,0,0,0,0,0,0,0,0,0,0,0,0,0,1,1,1,1,1,1,1,1,1,1,0,0,0,0,0,0,0,0,1,1,1,1,1,1,1,1,1,1,0,0,0,0,0,0,0,0,0,0,0,0,0,0,0,0,0,0,0,0,,,0,0,0,0,0,0,,0,0,0,0,0,,,,,,,,0,0,0,0,0,0,0,0,,0,0,0,,0,0,0,0,0,0,0,,,,,,,,,,0,0,0,1,1,,
Memorial Parkway Junior High Active Student Cases,,,,,,,,,,,,,,,2,,,1,0,0,0,0,2,2,2,2,2,2,2,3,4,6,9,11,11,11,13,15,18,19,18,16,15,14,15,13,13,11,8,6,6,4,4,3,5,5,4,4,4,6,6,7,8,6,6,10,12,12,11,8,7,7,7,6,6,2,1,1,1,1,1,0,0,0,0,0,0,0,0,,,0,0,0,0,0,0,,0,0,0,0,0,,,,,,,,1,1,1,1,1,0,0,0,,0,0,1,,1,1,1,1,2,2,2,,,,,,,,,,0,0,0,0,0,,
Memorial Parkway Junior High Active Auxiliary Cases,,,,,,,,,,,,,,,1,,,1,1,1,0,0,0,0,0,0,0,0,0,1,1,1,1,1,1,1,1,1,1,0,0,0,0,0,0,0,0,0,0,0,0,0,0,0,0,0,0,0,0,0,0,0,0,0,0,0,0,0,0,0,0,0,0,0,0,0,0,0,0,0,0,0,0,0,0,0,0,0,0,,,0,0,0,0,0,0,,0,0,0,0,0,,,,,,,,0,0,0,0,0,0,0,0,,0,0,0,,0,0,0,0,0,0,0,,,,,,,,,,0,0,1,1,1,,
Memorial Parkway Elementary Active Cases,,,,,,,,,,,,,,,4,,,13,14,12,11,9,9,8,10,9,7,6,5,6,7,6,9,11,10,9,12,12,14,17,17,15,14,17,24,30,29,30,27,24,29,29,26,22,20,14,12,14,17,15,13,13,10,7,4,5,6,5,3,3,4,4,4,3,3,3,3,2,3,2,2,2,2,2,1,1,1,0,0,,,0,0,0,0,0,0,,0,0,0,0,0,,,,,,,,0,0,0,1,1,0,0,0,,0,0,0,,2,2,2,2,2,2,4,,,,,,,,,,2,2,2,2,2,,
Memorial Parkway Elementary Active Staff Cases,,,,,,,,,,,,,,,1,,,0,0,0,0,0,0,0,0,0,0,0,0,1,1,1,2,3,3,3,3,3,2,2,2,1,1,0,0,0,1,1,1,1,1,1,1,1,1,0,0,0,1,1,1,1,1,1,0,0,0,0,0,0,1,1,1,1,1,1,1,1,1,0,0,0,0,0,0,0,0,0,0,,,0,0,0,0,0,0,,0,0,0,0,0,,,,,,,,0,0,0,0,0,0,0,0,,0,0,0,,0,0,0,0,0,0,1,,,,,,,,,,1,1,1,1,1,,
Memorial Parkway Elementary Active Student Cases,,,,,,,,,,,,,,,3,,,13,14,12,11,9,9,8,10,9,7,6,5,5,6,5,7,8,7,6,9,9,12,15,15,14,13,17,24,30,28,29,26,23,28,28,25,21,19,14,12,14,16,14,12,12,9,6,4,5,6,5,3,3,3,3,3,2,2,2,2,1,2,2,2,2,2,2,1,1,1,0,0,,,0,0,0,0,0,0,,0,0,0,0,0,,,,,,,,0,0,0,1,1,0,0,0,,0,0,0,,2,2,2,2,2,2,3,,,,,,,,,,1,1,1,1,1,,
Memorial Parkway Elementary Active Auxiliary Cases,,,,,,,,,,,,,,,0,,,1,1,1,1,1,1,0,0,0,0,0,0,0,0,0,0,0,0,0,0,0,0,0,0,0,0,1,1,1,1,1,1,1,1,1,1,0,0,0,0,0,0,0,0,0,0,0,0,0,0,0,0,0,0,0,0,0,0,0,0,0,0,0,0,0,0,0,0,0,0,0,0,,,0,0,0,0,0,0,,0,0,0,0,0,,,,,,,,0,0,0,0,0,0,0,0,,0,0,0,,0,0,0,0,0,0,0,,,,,,,,,,0,0,0,0,0,,
Miller Career & Technology Center Active Cases,,,,,,,,,,,,,,,1,,,,1,1,0,0,0,0,1,1,1,1,1,1,1,1,2,2,1,1,2,2,2,2,1,1,1,1,1,2,1,1,1,1,1,1,1,1,0,0,0,0,0,0,0,0,0,0,0,0,0,0,0,0,0,0,0,0,0,0,0,0,0,0,0,0,0,0,0,0,1,1,1,,,1,1,0,0,0,0,,1,1,1,1,1,,,,,,,,0,0,0,0,0,0,0,0,,0,0,0,,0,0,0,0,1,1,1,,,,,,,,,,0,0,2,2,2,,
Miller Career & Technology Center Active Staff Cases,,,,,,,,,,,,,,,1,,,,1,1,0,0,0,0,1,1,1,1,1,1,1,1,2,2,1,1,2,2,2,2,1,1,1,1,1,2,1,1,1,1,1,1,1,1,0,0,0,0,0,0,0,0,0,0,0,0,0,0,0,0,0,0,0,0,0,0,0,0,0,0,0,0,0,0,0,0,0,0,0,,,0,0,0,0,0,0,,1,1,1,1,1,,,,,,,,0,0,0,0,0,0,0,0,,0,0,0,,0,0,0,0,1,1,1,,,,,,,,,,0,0,2,2,2,,
Miller Career & Technology Center Active Student Cases,,,,,,,,,,,,,,,0,,,,0,0,0,0,0,0,0,0,0,0,0,0,0,0,0,0,0,0,0,0,0,0,0,0,0,0,0,0,0,0,0,0,0,0,0,0,0,0,0,0,0,0,0,0,0,0,0,0,0,0,0,0,0,0,0,0,0,0,0,0,0,0,0,0,0,0,0,0,1,1,1,,,1,1,0,0,0,0,,0,0,0,0,0,,,,,,,,0,0,0,0,0,0,0,0,,0,0,0,,0,0,0,0,0,0,0,,,,,,,,,,0,0,0,0,0,,
Miller Career & Technology Center Active Auxiliary Cases,,,,,,,,,,,,,,,0,,,,0,0,0,0,0,0,0,0,0,0,0,0,0,0,0,0,0,0,0,0,0,0,0,0,0,0,0,0,0,0,0,0,0,0,0,0,0,0,0,0,0,0,0,0,0,0,0,0,0,0,0,0,0,0,0,0,0,0,0,0,0,0,0,0,0,0,0,0,0,0,0,,,0,0,0,0,0,0,,0,0,0,0,0,,,,,,,,0,0,0,0,0,0,0,0,,0,0,0,,0,0,0,0,0,0,0,,,,,,,,,,0,0,0,0,0,,
Morton Ranch High School Active Cases,,,,,,,,,,,,,,,,,,11,10,15,16,17,18,17,16,14,18,16,14,12,15,14,18,19,17,16,13,12,17,23,22,20,20,21,23,27,31,33,29,25,26,23,27,25,22,16,12,11,10,10,7,5,3,1,1,3,3,4,3,3,2,2,2,2,2,2,1,1,2,2,1,2,2,2,3,4,4,4,5,,,3,3,5,8,9,9,,8,11,11,13,13,,,,,,,,3,1,1,0,1,1,1,2,,2,2,2,,1,0,0,0,5,6,12,,,,,,,,,,1,2,2,2,2,,
Morton Ranch High School Active Staff Cases,,,,,,,,,,,,,,,,,,1,1,3,4,4,4,4,4,4,4,4,2,1,1,1,2,2,2,2,2,2,2,3,2,3,3,2,2,2,2,2,2,1,1,1,2,2,2,2,2,2,3,3,2,2,1,1,1,1,1,0,0,0,0,0,0,0,0,0,0,0,0,0,0,0,0,0,0,0,0,0,1,,,1,1,1,1,1,1,,1,1,1,1,1,,,,,,,,1,1,1,0,0,0,0,0,,0,0,0,,0,0,0,0,0,1,2,,,,,,,,,,0,0,0,0,0,,
Morton Ranch High School Active Student Cases,,,,,,,,,,,,,,,,,,10,9,12,12,13,14,13,12,10,14,12,12,11,14,13,16,17,15,14,11,10,15,20,20,17,17,19,21,25,29,31,27,24,25,22,25,23,20,14,10,9,7,7,5,3,2,0,0,2,2,4,3,3,2,2,2,2,2,2,1,1,2,2,1,2,2,2,3,4,4,4,4,,,2,2,4,7,8,8,,7,10,10,12,12,,,,,,,,2,0,0,0,1,1,1,2,,2,2,2,,1,0,0,0,5,5,10,,,,,,,,,,1,2,2,2,2,,
Morton Ranch High School Active Auxiliary Cases,,,,,,,,,,,,,,,,,,0,0,0,0,0,0,1,1,1,1,1,1,1,1,1,0,0,0,0,0,0,0,0,0,0,0,0,0,0,0,1,1,0,0,0,0,0,0,0,0,0,1,1,1,1,1,1,1,1,1,0,0,0,0,0,0,0,0,0,0,0,0,0,0,0,0,0,0,0,0,0,0,,,0,0,0,0,0,0,,0,0,0,0,0,,,,,,,,0,0,0,0,0,0,0,0,,0,0,0,,0,0,0,0,0,0,0,,,,,,,,,,0,0,0,1,1,,
Morton Ranch Junior High Active Cases,,,,,,,,,,,,,,,3,,,6,5,5,4,4,6,6,7,11,13,12,12,12,17,16,16,18,13,12,15,16,17,15,14,13,9,11,13,15,15,14,13,12,12,11,14,9,9,8,6,7,8,8,6,5,6,4,4,4,5,5,4,3,3,1,1,1,1,0,0,0,1,1,1,1,1,1,1,1,3,4,3,,,3,2,3,3,3,2,,1,2,2,2,3,,,,,,,,1,1,0,0,0,0,0,0,,0,0,0,,0,0,0,0,0,0,1,,,,,,,,,,0,0,1,3,3,,
Morton Ranch Junior High Active Staff Cases,,,,,,,,,,,,,,,0,,,1,1,1,1,1,2,2,2,1,1,1,2,2,4,4,4,4,4,4,4,4,3,2,1,1,0,0,0,0,0,0,0,0,0,0,1,1,1,1,1,1,1,1,1,0,1,1,1,1,1,1,1,1,1,0,0,0,0,0,0,0,0,0,0,0,0,0,0,0,0,0,0,,,0,0,0,0,0,0,,0,0,0,0,0,,,,,,,,0,0,0,0,0,0,0,0,,0,0,0,,0,0,0,0,0,0,0,,,,,,,,,,0,0,0,1,1,,
Morton Ranch Junior High Active Student Cases,,,,,,,,,,,,,,,3,,5,5,4,4,3,3,4,4,5,10,12,11,10,10,13,12,12,14,9,8,11,12,14,13,13,12,9,11,13,15,15,14,13,12,12,11,13,8,8,7,5,6,7,7,5,5,5,3,3,3,4,4,3,2,2,1,1,1,1,0,0,0,1,1,1,1,1,1,1,1,3,4,3,,,3,2,3,3,3,2,,1,2,2,2,3,,,,,,,,1,1,0,0,0,0,0,0,,0,0,0,,0,0,0,0,0,0,1,,,,,,,,,,0,0,1,2,2,,
Morton Ranch Junior High Active Auxiliary Cases,,,,,,,,,,,,,,,0,,0,0,0,0,0,0,0,0,0,0,0,0,0,0,0,0,0,0,0,0,0,0,0,0,0,0,0,0,0,0,0,0,0,0,0,0,0,0,0,0,0,0,0,0,0,0,0,0,0,0,0,0,0,0,0,0,0,0,0,0,0,0,0,0,0,0,0,0,0,0,0,0,0,,,0,0,0,0,0,0,,0,0,0,0,0,,,,,,,,0,0,0,0,0,0,0,0,,0,0,0,,0,0,0,0,0,0,0,,,,,,,,,,1,0,0,0,0,,
Morton Ranch Elementary Active Cases,,,,,,,,,,,,,,,3,,8,11,12,11,9,9,12,14,13,11,11,10,9,9,8,11,12,13,10,9,9,9,12,13,12,12,7,12,15,16,16,16,15,13,15,17,17,14,13,12,9,9,9,7,4,4,4,4,1,1,1,1,0,0,0,0,0,1,1,1,1,1,1,1,1,0,0,0,0,0,1,1,2,,,3,3,4,4,4,3,,2,2,7,7,6,,,,,,,,0,0,0,0,0,0,0,0,,0,0,0,,1,1,1,1,1,2,4,,,,,,,,,,6,2,3,4,3,,
Morton Ranch Elementary Active Staff Cases,,,,,,,,,,,,,,,0,,0,1,1,1,1,1,1,2,2,1,1,1,1,1,1,1,0,0,0,0,0,0,1,1,2,2,2,3,3,3,3,2,2,1,3,3,3,2,2,2,2,2,2,2,0,0,0,0,0,0,0,0,0,0,0,0,0,0,0,0,0,0,0,0,0,0,0,0,0,0,0,0,0,,,1,1,2,2,2,2,,2,2,1,1,0,,,,,,,,0,0,0,0,0,0,0,0,,0,0,0,,0,0,0,0,0,0,0,,,,,,,,,,4,2,3,4,3,,
Morton Ranch Elementary Active Student Cases,,,,,,,,,,,,,,,3,,8,10,11,10,8,8,11,12,11,10,10,9,8,8,7,10,12,13,10,9,9,9,11,12,10,10,5,9,12,13,13,14,13,12,12,14,14,12,11,10,7,7,7,5,4,4,4,4,1,1,1,1,0,0,0,0,0,1,1,1,1,1,1,1,1,0,0,0,0,0,1,1,2,,,2,2,2,2,2,1,,0,0,6,6,6,,,,,,,,0,0,0,0,0,0,0,0,,0,0,0,,1,1,1,1,1,2,4,,,,,,,,,,2,0,0,0,0,,
Morton Ranch Elementary Active Auxiliary Cases,,,,,,,,,,,,,,,0,,0,0,0,0,0,0,0,0,0,0,0,0,0,0,0,0,0,0,1,1,1,1,1,1,1,1,1,0,0,0,0,0,0,0,0,0,0,0,0,0,0,0,0,0,0,0,0,0,0,0,0,0,0,0,0,0,0,0,0,0,0,0,0,0,0,0,0,0,0,0,0,0,0,,,0,0,0,0,0,0,,0,0,0,0,0,,,,,,,,0,0,0,0,0,0,0,0,,0,0,0,,0,0,0,0,0,0,0,,,,,,,,,,1,0,0,0,0,,
Nottingham Country Elementary Active Cases,,,,,,,,,,,,,,,2,4,5,7,9,8,8,8,14,17,19,21,22,19,20,20,23,22,21,18,16,13,13,14,13,11,10,11,12,13,11,11,10,10,9,8,6,7,6,6,6,4,4,3,3,3,3,2,1,1,0,2,2,4,5,5,5,5,3,3,2,4,4,2,2,2,2,2,2,1,1,3,3,3,3,,,2,1,2,1,1,1,,1,2,2,2,2,,,,,,,,1,0,0,0,0,0,0,0,,0,1,1,,1,1,1,1,1,1,1,,,,,,,,,,1,1,0,0,0,,
Nottingham Country Elementary Active Staff Cases,,,,,,,,,,,,,,,0,0,0,0,0,0,0,0,0,0,0,1,1,1,1,1,1,1,1,1,1,1,1,1,1,1,1,1,1,1,0,0,0,0,0,0,0,0,1,1,1,1,1,1,1,1,1,1,0,0,0,0,0,0,0,0,0,0,0,0,0,1,1,1,1,1,1,1,1,1,1,0,0,0,0,,,0,0,0,0,0,0,,0,0,0,0,1,,,,,,,,1,0,0,0,0,0,0,0,,0,0,0,,0,0,0,0,0,0,0,,,,,,,,,,0,0,0,0,0,,
Nottingham Country Elementary Active Student Cases,,,,,,,,,,,,,,,2,4,5,7,9,8,8,8,14,17,19,20,21,18,19,19,22,21,20,17,15,12,12,13,12,10,9,10,11,12,11,11,10,10,9,8,6,7,5,5,5,3,3,2,2,2,2,1,1,1,0,2,2,4,5,5,5,5,3,3,2,3,3,1,1,1,1,1,1,0,0,3,3,3,3,,,2,1,2,1,1,1,,1,2,2,2,1,,,,,,,,0,0,0,0,0,0,0,0,,0,1,1,,1,1,1,1,1,1,1,,,,,,,,,,1,1,0,0,0,,
Nottingham Country Elementary Active Auxiliary Cases,,,,,,,,,,,,,,,0,0,0,0,0,0,0,0,0,0,0,0,0,0,0,0,0,0,0,0,0,0,0,0,0,0,0,0,0,0,0,0,0,0,0,0,0,0,0,0,0,0,0,0,0,0,0,0,0,0,0,0,0,0,0,0,0,0,0,0,0,0,0,0,0,0,0,0,0,0,0,0,0,0,0,,,0,0,0,0,0,0,,0,0,0,0,0,,,,,,,,0,0,0,0,0,0,0,0,,0,0,0,,0,0,0,0,0,0,0,,,,,,,,,,0,0,0,0,0,,
Opportunity Awareness Center Active Cases,,,,,,,,,,,,,,,3,3,3,,2,1,1,0,0,0,0,0,0,0,0,0,0,0,0,0,0,0,0,0,0,0,0,0,0,0,0,0,0,0,0,0,0,0,0,0,0,0,0,0,0,0,0,0,0,0,0,1,1,1,1,1,1,1,1,1,0,0,0,0,0,0,1,0,0,0,0,0,0,0,0,,,0,0,0,0,0,0,,0,1,1,1,0,,,,,,,,0,0,0,0,0,0,0,0,,0,0,0,,0,0,0,0,0,0,0,,,,,,,,,,1,1,1,1,1,,
Opportunity Awareness Center Active Staff Cases,,,,,,,,,,,,,,,2,2,2,,2,1,1,0,0,0,0,0,0,0,0,0,0,0,0,0,0,0,0,0,0,0,0,0,0,0,0,0,0,0,0,0,0,0,0,0,0,0,0,0,0,0,0,0,0,0,0,1,1,1,1,1,1,1,1,1,0,0,0,0,0,0,0,0,0,0,0,0,0,0,0,,,0,0,0,0,0,0,,0,0,0,0,0,,,,,,,,0,0,0,0,0,0,0,0,,0,0,0,,0,0,0,0,0,0,0,,,,,,,,,,1,1,1,1,1,,
Opportunity Awareness Center Active Student Cases,,,,,,,,,,,,,,,1,1,1,,0,0,0,0,0,0,0,0,0,0,0,0,0,0,0,0,0,0,0,0,0,0,0,0,0,0,0,0,0,0,0,0,0,0,0,0,0,0,0,0,0,0,0,0,0,0,0,0,0,0,0,0,0,0,0,0,0,0,0,0,0,0,1,0,0,0,0,0,0,0,0,,,0,0,0,0,0,0,,0,1,1,1,0,,,,,,,,0,0,0,0,0,0,0,0,,0,0,0,,0,0,0,0,0,0,0,,,,,,,,,,0,0,0,0,0,,
Opportunity Awareness Center Active Auxiliary Cases,,,,,,,,,,,,,,,1,1,1,,1,1,1,1,1,0,0,0,0,0,0,0,0,0,0,0,0,0,0,0,0,0,0,0,0,0,0,0,0,0,0,0,0,0,0,0,0,0,0,0,0,0,0,0,0,0,0,0,0,0,0,0,0,0,0,0,0,0,0,0,0,0,0,0,0,0,0,0,0,0,0,,,0,0,0,0,0,0,,0,0,0,0,0,,,,,,,,0,0,0,0,0,0,0,0,,0,0,0,,0,0,0,0,0,0,0,,,,,,,,,,0,0,0,0,0,,
Paetow High School Active Cases,,,,,,,,,,,,,,,5,9,11,11,11,12,14,13,18,17,19,21,24,24,20,19,22,24,27,29,29,25,31,34,37,37,39,33,29,30,37,39,34,39,34,30,29,25,25,20,17,15,13,9,11,10,8,6,7,4,4,3,6,7,6,5,5,5,5,4,5,4,3,2,1,1,1,1,1,1,0,1,1,1,1,,,1,1,0,0,0,0,,0,0,0,0,0,,,,,,,,0,0,0,0,1,1,1,1,,2,2,2,,3,2,2,2,3,2,5,,,,,,,,,,7,7,7,8,8,,
Paetow High School Active Staff Cases,,,,,,,,,,,,,,,1,2,2,2,1,0,1,2,3,3,3,3,3,3,3,3,2,1,1,1,2,2,2,2,3,3,4,3,3,2,2,2,2,2,1,0,1,1,1,1,1,1,1,1,2,2,1,1,1,0,0,0,0,0,0,0,0,0,0,0,0,0,0,0,0,0,0,0,0,0,0,0,0,0,0,,,0,0,0,0,0,0,,0,0,0,0,0,,,,,,,,0,0,0,0,0,0,0,0,,1,1,1,,1,1,1,1,1,0,0,,,,,,,,,,5,5,4,5,5,,
Paetow High School Active Student Cases,,,,,,,,,,,,,,,4,7,9,9,10,12,13,11,15,14,16,18,21,21,17,16,20,23,26,28,27,23,29,32,34,34,35,30,26,28,35,37,32,37,33,30,28,24,24,19,16,14,12,8,9,8,7,5,6,4,4,3,6,7,6,5,5,5,5,4,5,4,3,2,1,1,1,1,1,1,0,1,1,1,1,,,1,1,0,0,0,0,,0,0,0,0,0,,,,,,,,0,0,0,0,1,1,1,1,,1,1,1,,2,1,1,1,2,2,5,,,,,,,,,,2,2,3,3,3,,
Paetow High School Active Auxiliary Cases,,,,,,,,,,,,,,,0,0,0,0,0,0,0,0,0,0,0,0,0,0,0,0,0,0,0,1,1,1,1,1,1,1,1,1,0,0,0,0,0,1,1,1,1,1,1,1,1,1,0,0,0,0,0,0,0,0,0,0,0,0,0,0,0,0,0,0,0,0,0,0,0,0,0,0,0,0,0,0,0,0,0,,,0,0,0,0,0,0,,0,0,0,0,0,,,,,,,,0,0,0,0,0,0,0,0,,0,0,0,,0,0,0,0,0,0,0,,,,,,,,,,1,1,1,0,0,,
Pattison Elementary Active Cases,,,,,,,,,,,,,,,5,9,11,12,14,15,12,13,14,16,18,15,17,14,11,11,13,10,9,5,5,4,9,10,10,9,8,8,6,5,4,3,2,2,1,2,3,3,3,2,2,2,2,4,6,10,13,17,17,17,16,19,18,16,14,13,10,10,10,10,9,12,11,8,8,7,7,7,7,6,3,3,3,3,3,,,1,2,2,2,3,3,,2,1,1,1,2,,,,,,,,1,1,0,0,0,0,0,0,,1,1,1,,1,1,1,1,0,0,0,,,,,,,,,,1,1,2,2,2,,
Pattison Elementary Active Staff Cases,,,,,,,,,,,,,,,1,1,1,0,1,1,1,1,1,1,1,1,1,0,0,0,0,0,0,0,0,0,0,0,1,1,1,1,1,1,1,0,0,0,0,1,1,1,1,1,1,1,0,0,0,0,0,0,0,0,0,0,0,0,0,0,0,0,0,0,0,2,2,2,3,3,3,3,3,2,0,0,0,0,0,,,0,0,0,0,0,0,,0,0,0,0,0,,,,,,,,0,0,0,0,0,0,0,0,,0,0,0,,0,0,0,0,0,0,0,,,,,,,,,,1,1,1,1,1,,
Pattison Elementary Active Student Cases,,,,,,,,,,,,,,,4,8,10,12,13,14,11,12,13,15,17,14,16,14,11,11,13,10,9,5,5,4,9,10,9,8,7,7,5,4,3,3,2,2,1,1,2,2,2,1,1,1,2,4,6,10,13,17,17,17,16,19,18,16,14,13,10,10,10,10,9,10,9,6,5,4,4,4,4,4,3,3,3,3,3,,,1,2,2,2,3,3,,2,1,1,1,2,,,,,,,,1,1,0,0,0,0,0,0,,1,1,1,,1,1,1,1,0,0,0,,,,,,,,,,0,0,1,1,1,,
Pattison Elementary Active Auxiliary Cases,,,,,,,,,,,,,,,0,0,0,0,0,0,0,0,0,0,0,0,0,0,0,0,0,0,0,0,0,0,0,0,0,0,0,0,0,0,0,0,0,0,0,0,0,0,0,0,0,0,0,0,0,0,0,0,0,0,0,0,0,0,0,0,0,0,0,0,0,0,0,0,0,0,0,0,0,0,0,0,0,0,0,,,0,0,0,0,0,0,,0,0,0,0,0,,,,,,,,0,0,0,0,0,0,0,0,,0,0,0,,0,0,0,0,0,0,0,,,,,,,,,,0,0,0,0,0,,
Raines Academy Active Cases,,,,,,,,,,,,,,,0,0,0,0,0,1,1,1,1,2,2,2,2,1,1,2,2,3,2,2,2,2,2,2,2,1,1,0,0,0,0,0,0,0,0,0,0,0,0,0,0,0,0,0,0,0,0,0,0,0,0,0,0,0,0,0,0,0,0,0,0,0,0,0,0,0,0,0,0,0,0,0,0,0,0,,,1,1,1,1,1,1,,1,0,0,0,0,,,,,,,,0,0,0,0,0,0,0,0,,0,0,0,,0,0,0,0,0,0,0,,,,,,,,,,0,0,0,0,0,,
Raines Academy Active Staff Cases,,,,,,,,,,,,,,,0,0,0,0,0,1,1,1,1,2,2,2,2,1,1,2,2,3,2,2,2,2,2,2,2,1,1,0,0,0,0,0,0,0,0,0,0,0,0,0,0,0,0,0,0,0,0,0,0,0,0,0,0,0,0,0,0,0,0,0,0,0,0,0,0,0,0,0,0,0,0,0,0,0,0,,,1,1,1,1,1,1,,1,0,0,0,0,,,,,,,,0,0,0,0,0,0,0,0,,0,0,0,,0,0,0,0,0,0,0,,,,,,,,,,0,0,0,0,0,,
Raines Academy Active Student Cases,,,,,,,,,,,,,,,0,0,0,0,0,0,0,0,0,0,0,0,0,0,0,0,0,0,0,0,0,0,0,0,0,0,0,0,0,0,0,0,0,0,0,0,0,0,0,0,0,0,0,0,0,0,0,0,0,0,0,0,0,0,0,0,0,0,0,0,0,0,0,0,0,0,0,0,0,0,0,0,0,0,0,,,0,0,0,0,0,0,,0,0,0,0,0,,,,,,,,0,0,0,0,0,0,0,0,,0,0,0,,0,0,0,0,0,0,0,,,,,,,,,,0,0,0,0,0,,
Raines Academy Active Auxiliary Cases,,,,,,,,,,,,,,,0,0,0,0,0,0,0,0,0,0,0,0,0,0,0,0,0,0,0,0,0,0,0,0,0,0,0,0,0,0,0,0,0,0,0,0,0,0,0,0,0,0,0,0,0,0,0,0,0,0,0,0,0,0,0,0,0,0,0,0,0,0,0,0,0,0,0,0,0,0,0,0,0,0,0,,,0,0,0,0,0,0,,0,0,0,0,0,,,,,,,,0,0,0,0,0,0,0,0,,0,0,0,,0,0,0,0,0,0,0,,,,,,,,,,0,0,0,0,0,,
Randolph Elementary Active Cases,,,,,,,,,,1,,,,,7,9,10,11,12,11,7,7,7,7,8,8,10,8,8,8,10,12,10,7,7,5,7,8,10,8,7,6,6,8,9,10,11,10,11,10,13,13,13,12,11,11,10,10,9,9,12,11,12,12,8,11,11,15,12,13,12,14,14,13,15,12,9,8,7,7,7,4,3,3,2,2,0,0,1,,,1,1,1,1,1,1,,0,0,0,0,0,,,,,,,,7,5,4,3,4,3,3,4,,4,4,2,,2,3,4,4,5,5,5,,,,,,,,,,2,0,0,0,0,,
Randolph Elementary Active Staff Cases,,,,,,,,,,0,,,,,2,2,2,1,0,0,0,0,0,0,0,0,0,0,0,0,0,1,1,1,1,1,1,2,2,2,2,1,1,1,1,1,1,0,1,1,2,2,2,2,2,2,2,1,1,0,1,1,1,1,1,2,2,2,3,3,3,3,3,3,3,2,2,1,0,0,0,0,0,0,0,0,0,0,0,,,0,0,0,0,0,0,,0,0,0,0,0,,,,,,,,1,0,0,0,0,0,0,0,,0,0,0,,0,0,0,0,1,1,1,,,,,,,,,,1,0,0,0,0,,
Randolph Elementary Active Student Cases,,,,,,,,,,1,,,,,5,7,8,10,12,11,7,7,7,7,8,8,10,8,8,8,10,11,9,6,6,4,6,6,8,6,5,5,5,7,8,9,10,10,10,9,11,11,11,10,9,9,8,9,8,9,11,10,11,11,7,9,9,13,9,10,9,11,11,10,12,10,7,7,7,7,7,4,3,3,2,2,0,0,1,,,1,1,1,1,1,1,,0,0,0,0,0,,,,,,,,6,5,4,3,4,3,3,4,,4,4,2,,2,3,4,4,4,4,4,,,,,,,,,,1,0,0,0,0,,
Randolph Elementary Active Auxiliary Cases,,,,,,,,,,0,,,,,0,0,0,0,0,0,0,0,0,0,0,0,0,0,0,0,0,0,0,1,1,1,1,1,1,1,1,1,1,0,0,0,0,0,0,0,0,0,1,1,1,1,1,1,1,1,1,1,0,0,0,0,0,0,0,0,0,0,0,0,0,0,0,0,0,0,0,0,0,0,0,0,0,0,0,,,0,0,0,0,0,0,,0,0,0,0,0,,,,,,,,0,0,0,0,0,0,0,0,,0,0,0,,0,0,0,0,0,0,0,,,,,,,,,,0,0,0,0,0,,
Rhoads Elementary Active Cases,,,,,,,,,,1,,,,,4,5,7,6,4,4,3,3,7,7,10,10,9,9,7,4,4,4,4,2,1,0,2,2,2,2,3,3,3,2,3,4,4,3,3,2,5,5,5,4,5,4,4,4,5,7,5,5,5,1,1,1,3,3,3,3,3,3,2,2,2,2,1,0,1,1,1,2,2,2,2,1,1,2,2,,,1,1,1,1,1,0,,0,0,0,0,0,,,,,,,,1,1,1,2,2,2,2,3,,2,2,2,,1,1,1,0,0,0,0,,,,,,,,,,1,1,5,7,8,,
Rhoads Elementary Active Staff Cases,,,,,,,,,,0,,,,,,1,1,1,0,0,0,0,0,0,0,0,0,0,0,0,0,0,0,0,0,0,0,0,0,0,0,0,0,0,1,1,1,1,1,1,2,2,2,1,1,1,1,1,1,1,0,0,0,0,0,0,1,1,1,1,1,1,1,1,1,1,0,0,0,0,0,0,0,0,0,0,0,1,1,,,1,1,1,1,1,0,,0,0,0,0,0,,,,,,,,1,1,1,1,1,1,1,1,,0,0,0,,0,0,0,0,0,0,0,,,,,,,,,,0,0,3,5,6,,
Rhoads Elementary Active Student Cases,,,,,,,,,,1,,,,,,4,6,5,4,4,3,3,7,7,10,10,9,9,7,4,4,4,4,2,1,0,2,2,2,2,3,3,3,2,2,3,3,2,2,1,3,3,3,3,4,3,3,3,4,6,5,5,5,1,1,1,2,2,2,2,2,2,1,1,1,1,1,0,1,1,1,2,2,2,2,1,1,1,1,,,0,0,0,0,0,0,,0,0,0,0,0,,,,,,,,0,0,0,1,1,1,1,2,,2,2,2,,1,1,1,0,0,0,0,,,,,,,,,,1,1,2,2,2,,
Rhoads Elementary Active Auxiliary Cases,,,,,,,,,,0,,,,,,0,0,0,0,0,0,0,0,0,0,0,0,0,0,0,0,0,0,0,0,0,0,0,0,0,0,0,0,0,0,0,0,0,0,0,0,0,0,0,0,0,0,0,0,0,0,0,0,0,0,0,0,0,0,0,0,0,0,0,0,0,0,0,0,0,0,0,0,0,0,0,0,0,0,,,0,0,0,0,0,0,,0,0,0,0,0,,,,,,,,0,0,0,0,0,0,0,0,,0,0,0,,0,0,0,0,0,0,0,,,,,,,,,,1,1,1,1,1,,
Rylander Elementary Active Cases,,,,,,,,,,1,,,,,,1,,2,2,2,2,2,3,4,4,3,1,1,2,1,4,5,5,6,6,6,5,4,3,3,1,2,2,1,2,4,4,4,4,4,3,3,3,2,1,1,1,1,0,0,0,0,0,0,0,0,2,2,3,3,3,4,4,4,4,3,2,1,2,5,5,4,3,3,3,4,4,3,1,,,1,1,1,1,1,4,,5,5,5,5,4,,,,,,,,0,0,0,0,0,0,1,2,,2,2,2,,1,1,0,0,0,0,2,,,,,,,,,,26,26,24,24,25,,
Rylander Elementary Active Staff Cases,,,,,,,,,,0,,,,,,0,,0,0,0,0,0,0,0,0,0,0,0,1,1,2,2,2,2,2,2,2,1,0,0,0,0,0,0,0,0,0,0,0,0,0,0,0,0,0,0,0,0,0,0,0,0,0,0,0,0,1,1,1,1,1,1,1,1,1,1,0,0,0,0,0,0,0,0,0,0,0,0,0,,,0,0,0,0,0,0,,0,0,0,0,0,,,,,,,,0,0,0,0,0,0,0,0,,0,0,0,,0,0,0,0,0,0,0,,,,,,,,,,21,23,22,22,23,,
Rylander Elementary Active Student Cases,,,,,,,,,,1,,,,,,1,,2,2,2,2,2,3,4,4,3,1,1,1,0,2,3,3,4,4,4,3,3,3,3,1,2,2,1,2,4,4,4,4,4,3,3,3,2,1,1,1,1,0,0,0,0,0,0,0,0,1,1,2,2,2,3,3,3,3,2,2,1,2,5,5,4,3,3,3,4,4,3,1,,,1,1,1,1,1,4,,5,5,5,5,4,,,,,,,,0,0,0,0,0,0,1,2,,2,2,2,,1,1,0,0,0,0,2,,,,,,,,,,5,3,2,2,2,,
Rylander Elementary Active Auxiliary Cases,,,,,,,,,,0,,,,,,0,,0,0,0,0,0,0,0,0,0,0,0,0,0,0,0,0,1,1,1,1,1,2,2,2,2,1,1,1,1,1,1,0,0,0,0,0,0,0,0,0,0,0,0,0,0,0,0,0,0,0,0,0,0,0,0,0,0,0,0,0,0,0,0,0,0,0,0,0,0,0,0,0,,,0,0,0,0,0,0,,0,0,0,0,0,,,,,,,,0,0,0,0,0,0,0,0,,0,0,0,,0,0,0,0,0,0,0,,,,,,,,,,1,1,1,1,1,,
Schmalz Elementary Active Cases,,,,,,,,,,1,,,,,,3,,2,2,1,1,1,2,4,6,8,8,8,8,8,9,12,13,12,8,6,7,6,6,6,7,5,3,6,5,5,5,5,3,2,3,4,5,6,7,6,6,5,5,5,4,2,0,0,0,0,1,1,1,1,1,1,1,1,1,1,0,0,0,2,5,11,14,15,15,19,21,21,19,,,9,5,10,10,9,9,,7,8,9,9,6,,,,,,,,1,1,1,2,2,1,2,2,,2,6,7,,8,9,7,7,8,13,14,,,,,,,,,,2,1,1,1,1,,
Schmalz Elementary Active Staff Cases,,,,,,,,,,0,,,,,,0,,1,1,1,1,1,1,1,1,1,0,0,0,0,0,2,3,3,3,3,3,3,3,3,3,1,0,0,0,0,0,0,0,0,0,0,0,0,1,1,1,1,1,1,1,0,0,0,0,0,0,0,0,0,0,0,0,0,0,0,0,0,0,0,0,1,1,2,2,3,3,3,3,,,2,2,2,1,2,2,,2,2,2,2,1,,,,,,,,1,1,1,1,1,1,1,1,,1,1,1,,1,2,1,2,2,3,4,,,,,,,,,,2,1,1,1,1,,
Schmalz Elementary Active Student Cases,,,,,,,,,,1,,,,,,3,,1,1,0,0,0,1,3,5,7,8,8,8,8,9,10,10,9,5,3,4,3,3,3,4,4,3,6,5,5,5,5,3,2,3,4,5,6,6,5,5,4,4,4,3,2,0,0,0,0,1,1,1,1,1,1,1,1,1,1,0,0,0,2,5,10,13,13,13,16,18,18,16,,,7,3,8,9,7,7,,5,6,7,7,5,,,,,,,,0,0,0,1,1,0,1,1,,1,5,6,,7,7,6,5,6,10,10,,,,,,,,,,0,0,0,0,0,,
Schmalz Elementary Active Auxiliary Cases,,,,,,,,,,0,,,,,,,,0,0,0,0,0,0,0,0,0,0,0,0,0,0,0,0,0,0,0,0,0,0,0,0,0,0,0,0,0,0,0,0,0,0,0,0,0,0,0,0,0,0,0,0,0,0,0,0,0,0,0,0,0,0,0,0,0,0,0,0,0,0,0,1,1,1,1,1,1,1,1,0,,,0,0,1,1,1,1,,1,1,1,1,0,,,,,,,,0,0,0,0,0,0,0,0,,0,0,0,,0,1,1,1,1,1,1,,,,,,,,,,0,0,0,1,2,,
Seven Lakes Junior High Active Cases,,,,,,,,,,2,,,,,,,,9,10,11,11,12,13,12,13,10,9,8,8,7,14,16,15,17,17,16,15,14,16,17,14,12,12,12,15,15,16,15,12,13,11,10,12,11,9,9,9,8,9,9,7,7,7,5,3,3,3,4,3,1,1,1,1,1,1,2,1,1,1,1,1,0,0,0,0,0,0,1,1,,,1,1,1,1,1,2,,1,2,2,2,1,,,,,,,,5,5,6,5,4,4,2,0,,0,0,0,,0,0,0,0,0,2,4,,,,,,,,,,19,16,9,8,4,,
Seven Lakes Junior High Active Staff Cases,,,,,,,,,,0,,,,,,,,0,1,2,2,2,2,2,2,2,2,2,1,1,2,2,2,2,2,2,2,2,1,1,0,0,0,0,0,0,0,0,0,1,1,1,1,1,1,1,1,0,0,0,0,0,0,0,0,0,0,1,1,1,1,1,1,1,1,1,0,0,0,0,0,0,0,0,0,0,0,0,0,,,0,0,0,0,0,0,,0,0,0,0,0,,,,,,,,2,2,2,1,1,1,0,0,,0,0,0,,0,0,0,0,0,1,2,,,,,,,,,,18,15,9,8,4,,
Seven Lakes Junior High Active Student Cases,,,,,,,,,,2,,,,,,,,9,9,9,9,10,11,10,11,8,7,6,7,6,12,14,13,15,15,14,13,12,15,16,14,12,12,12,15,15,16,15,12,12,10,9,11,10,8,8,8,8,9,9,7,7,7,5,3,3,3,3,2,0,0,0,0,0,0,1,1,1,1,1,1,0,0,0,0,0,0,1,1,,,1,1,1,1,1,2,,1,2,2,2,1,,,,,,,,3,3,4,4,3,3,2,0,,0,0,0,,0,0,0,0,0,1,2,,,,,,,,,,1,1,0,0,0,,
Seven Lakes Junior High Active Auxiliary Cases,,,,,,,,,,0,,,,,,,,0,0,0,0,0,0,0,0,0,0,0,0,0,0,0,0,0,0,0,0,0,0,0,0,0,0,0,0,0,0,0,0,0,0,0,0,0,0,0,0,0,0,0,0,0,0,0,0,0,0,0,0,0,0,0,0,0,0,0,0,0,0,0,0,0,0,0,0,0,0,0,0,,,0,0,0,0,0,0,,0,0,0,0,0,,,,,,,,0,0,0,0,0,0,0,0,,0,0,0,,0,0,0,0,0,0,0,,,,,,,,,,0,0,0,0,0,,
Seven Lakes High School Active Cases,,,,,,,,,,4,,,,,,,,6,6,7,7,8,11,12,15,18,18,15,15,15,16,17,21,26,23,22,25,26,28,30,27,21,17,15,14,16,12,12,11,9,7,9,10,8,7,7,9,9,8,9,8,6,6,6,7,5,5,3,4,3,3,3,3,2,2,1,1,1,0,0,0,0,0,0,0,1,1,1,2,,,2,2,2,2,1,1,,0,0,0,0,0,,,,,,,,0,0,1,5,6,6,6,6,,6,5,4,,2,2,2,2,3,2,3,,,,,,,,,,8,5,2,0,2,,
Seven Lakes High School Active Staff Cases,,,,,,,,,,1,,,,,,,,1,1,1,0,0,0,0,0,1,1,1,2,3,5,5,6,6,6,5,6,5,6,6,4,4,4,4,4,4,2,3,3,3,3,3,2,2,2,2,3,2,1,1,1,1,1,1,1,0,0,0,0,0,0,0,0,0,0,0,0,0,0,0,0,0,0,0,0,0,0,0,0,,,0,0,0,0,0,0,,0,0,0,0,0,,,,,,,,0,0,0,0,0,0,0,0,,0,0,0,,0,0,0,0,0,0,0,,,,,,,,,,2,2,2,0,1,,
Seven Lakes High School Active Student Cases,,,,,,,,,,3,,,,,,,,5,5,6,7,8,11,12,15,17,17,14,13,12,11,12,15,20,17,17,19,21,22,24,23,17,13,11,10,12,10,9,8,6,4,6,8,6,5,5,6,7,7,8,7,5,5,5,6,5,5,3,4,3,3,3,3,2,2,1,1,1,0,0,0,0,0,0,0,1,1,1,2,,,2,2,2,2,1,1,,0,0,0,0,0,,,,,,,,0,0,1,5,6,6,6,6,,6,5,4,,2,2,2,2,3,2,3,,,,,,,,,,6,3,0,0,1,,
Seven Lakes High School Active Auxiliary Cases,,,,,,,,,,1,,,,,,,,0,0,0,0,0,0,0,0,0,0,0,0,0,0,0,0,0,0,0,0,0,0,0,0,0,0,0,0,0,0,0,0,0,0,0,0,0,0,0,0,0,0,0,0,0,0,0,0,0,0,0,0,0,0,0,0,0,0,0,0,0,0,0,0,0,0,0,0,1,1,1,1,,,1,1,1,1,0,0,,0,0,0,0,0,,,,,,,,0,0,0,0,0,0,0,0,,0,0,0,,0,0,0,0,0,0,0,,,,,,,,,,0,0,0,0,0,,
Shafer Elementary Active Cases,,,,,,,,,,1,,,,,,,,4,4,5,5,7,8,11,11,16,29,28,29,30,44,56,61,60,58,57,53,49,49,41,30,24,20,14,12,12,11,11,8,6,6,8,7,9,10,10,9,7,7,11,10,10,9,8,7,7,7,5,5,3,1,1,0,0,0,0,0,0,0,0,0,0,0,0,0,1,1,2,2,,,2,2,2,2,2,3,,2,4,3,4,3,,,,,,,,0,0,0,1,1,1,1,1,,1,1,0,,0,0,0,1,1,1,1,,,,,,,,,,4,3,3,1,0,,
Shafer Elementary Active Staff Cases,,,,,,,,,,0,,,,,,,,1,1,1,1,2,2,3,3,4,5,5,5,5,5,6,7,5,5,5,3,3,2,2,2,1,1,1,1,1,1,1,1,1,0,0,0,0,0,0,0,0,0,0,0,0,0,0,0,0,0,0,0,0,0,0,0,0,0,0,0,0,0,0,0,0,0,0,0,1,1,1,1,,,1,1,0,0,0,0,,0,0,0,0,0,,,,,,,,0,0,0,0,0,0,0,0,,0,0,0,,0,0,0,0,0,0,0,,,,,,,,,,2,2,2,0,0,,
Shafer Elementary Active Student Cases,,,,,,,,,,1,,,,,,,,3,3,4,4,5,6,8,8,12,24,23,24,25,39,50,54,55,53,52,50,46,47,39,28,23,19,13,11,11,10,10,7,5,6,8,7,9,10,10,9,7,7,11,10,10,9,8,7,7,7,5,5,3,1,1,0,0,0,0,0,0,0,0,0,0,0,0,0,0,0,1,1,,,1,1,2,2,2,3,,2,4,3,4,3,,,,,,,,0,0,0,1,1,1,1,1,,1,1,0,,0,0,0,1,1,1,1,,,,,,,,,,2,1,1,1,0,,
Shafer Elementary Active Auxiliary Cases,,,,,,,,,,0,,,,,,,,0,0,0,0,0,0,0,0,1,1,1,1,1,1,1,1,1,0,0,0,0,1,1,1,1,1,1,1,1,1,1,0,0,0,0,0,0,0,0,0,0,0,0,0,0,0,0,0,0,0,0,0,0,0,0,0,0,0,0,0,0,0,0,0,0,0,0,0,0,0,0,0,,,0,0,0,0,0,0,,0,0,0,0,0,,,,,,,,0,0,0,0,0,0,0,0,,0,0,0,,0,0,0,0,0,0,0,,,,,,,,,,0,0,0,0,0,,
Stanley Elementary Active Cases,,,,,,,,,,1,,,,,,,,6,8,9,7,7,9,13,15,15,17,14,16,19,21,25,24,29,28,28,32,29,28,27,23,15,13,7,7,4,2,2,1,1,0,0,0,1,1,1,1,1,2,2,2,2,2,1,0,0,0,0,0,0,0,0,0,0,0,0,0,0,0,0,0,0,0,0,0,0,0,1,1,,,1,1,2,2,2,1,,1,1,1,0,0,,,,,,,,0,0,0,3,3,4,4,4,,3,4,5,,4,3,3,2,3,3,5,,,,,,,,,,7,4,3,3,3,,
Stanley Elementary Active Staff Cases,,,,,,,,,,0,,,,,,,,0,0,0,0,0,0,0,0,0,0,0,0,0,0,1,1,1,1,1,1,1,2,2,1,1,1,1,1,1,1,1,0,0,0,0,0,0,0,0,0,0,0,0,0,0,0,0,0,0,0,0,0,0,0,0,0,0,0,0,0,0,0,0,0,0,0,0,0,0,0,0,0,,,0,0,0,0,0,0,,0,0,0,0,0,,,,,,,,0,0,0,0,0,1,1,1,,1,1,1,,1,0,0,0,0,0,1,,,,,,,,,,1,0,0,0,0,,
Stanley Elementary Active Student Cases,,,,,,,,,,1,,,,,,,,6,8,9,7,7,9,13,15,15,17,14,16,19,21,24,23,28,27,27,31,28,26,25,22,14,12,6,6,3,1,1,1,1,0,0,0,1,1,1,1,1,2,2,2,2,2,1,0,0,0,0,0,0,0,0,0,0,0,0,0,0,0,0,0,0,0,0,0,0,0,1,1,,,1,1,2,2,2,1,,1,1,1,0,0,,,,,,,,0,0,0,3,3,3,3,3,,2,3,4,,3,3,3,2,3,3,4,,,,,,,,,,6,4,3,3,3,,
Stanley Elementary Active Auxiliary Cases,,,,,,,,,,0,,,,,,,,0,0,0,0,0,0,0,0,0,0,0,0,0,0,0,0,0,0,0,0,0,0,0,0,0,0,0,0,0,0,0,0,0,0,0,0,0,0,0,0,0,0,0,0,0,0,0,0,0,0,0,0,1,1,1,1,1,1,1,1,1,1,0,0,0,0,0,0,0,0,0,0,,,0,0,0,0,0,0,,0,0,0,0,0,,,,,,,,0,0,0,0,0,0,0,0,,0,0,0,,0,0,0,0,0,0,0,,,,,,,,,,0,0,0,0,0,,
Stephens Elementary Active Cases,,,,,,,,,,,,,,,,,,5,6,7,6,6,7,10,18,22,20,19,17,17,20,20,15,14,6,4,4,3,5,5,2,2,2,3,4,5,4,4,3,3,1,2,2,2,4,4,4,5,6,6,5,5,3,3,2,2,1,1,0,0,0,0,0,0,0,0,0,0,2,2,2,2,1,1,1,1,1,1,1,,,0,0,2,2,2,2,,1,1,1,1,0,,,,,,,,0,0,0,0,0,0,0,0,,0,0,0,,1,1,1,1,1,1,1,,,,,,,,,,0,0,0,2,4,,
Stephens Elementary Active Staff Cases,,,,,,,,,,,,,,,,,,1,1,0,0,0,1,2,2,2,2,2,2,2,1,1,0,0,0,0,0,0,0,0,0,0,0,1,1,1,1,1,1,1,0,0,0,0,1,1,1,1,2,2,2,2,2,2,1,1,1,1,0,0,0,0,0,0,0,0,0,0,0,0,0,0,0,0,0,0,0,0,0,,,0,0,0,0,0,0,,0,0,0,0,0,,,,,,,,0,0,0,0,0,0,0,0,,0,0,0,,0,0,0,0,0,0,0,,,,,,,,,,0,0,0,2,4,,
Stephens Elementary Active Student Cases,,,,,,,,,,,,,,,,,,4,5,7,6,6,6,8,16,20,18,17,15,15,19,19,15,14,6,4,4,3,5,5,2,2,2,2,3,4,3,3,2,2,1,2,2,2,3,3,3,4,4,4,3,3,1,1,1,1,0,0,0,0,0,0,0,0,0,0,0,0,2,2,2,2,1,1,1,1,1,1,1,,,0,0,2,2,2,2,,1,1,1,1,0,,,,,,,,0,0,0,0,0,0,0,0,,0,0,0,,1,1,1,1,1,1,1,,,,,,,,,,0,0,0,0,0,,
Stephens Elementary Active Auxiliary Cases,,,,,,,,,,,,,,,,,,0,0,0,0,0,0,0,0,0,0,0,0,0,0,0,0,0,0,0,0,0,0,0,0,0,0,0,0,0,0,0,0,0,0,0,0,0,0,0,0,0,0,0,0,0,0,0,0,0,0,0,0,0,0,0,0,0,0,0,0,0,0,0,0,0,0,0,0,0,0,0,0,,,0,0,0,0,0,0,,0,0,0,0,0,,,,,,,,0,0,0,0,0,0,0,0,,0,0,0,,0,0,0,0,0,0,0,,,,,,,,,,0,0,0,0,0,,
Stockdick Junior High Active Cases,,,,,,,,,,,,,,,,,,8,10,10,11,9,11,11,16,16,16,12,9,9,9,8,10,9,5,5,6,6,7,7,5,5,4,2,1,4,4,4,3,3,6,7,9,10,10,6,5,5,5,4,3,3,1,1,3,3,4,4,4,4,4,3,5,7,5,4,4,5,6,9,9,9,7,7,7,8,9,9,8,,,6,6,13,12,10,11,,9,9,11,12,8,,,,,,,,1,1,1,1,2,3,3,3,,3,4,4,,3,2,3,3,4,4,3,,,,,,,,,,2,1,1,2,3,,
Stockdick Junior High Active Staff Cases,,,,,,,,,,,,,,,,,,1,1,1,1,1,1,1,1,1,0,0,0,0,1,1,2,2,2,2,2,2,3,3,2,2,1,1,1,2,2,2,1,1,1,1,1,1,1,0,0,0,0,0,0,0,0,0,0,0,1,1,1,1,1,1,1,1,1,0,0,1,1,1,1,1,1,1,1,0,0,0,0,,,0,0,0,1,1,1,,1,1,2,2,2,,,,,,,,0,0,0,0,0,1,1,1,,1,2,2,,1,1,2,2,2,2,1,,,,,,,,,,1,0,0,1,2,,
Stockdick Junior High Active Student Cases,,,,,,,,,,,,,,,,,,7,9,9,10,8,10,10,15,15,16,12,9,9,8,7,8,7,3,3,4,4,4,4,3,3,3,1,0,2,2,2,2,2,5,6,8,9,9,6,5,5,5,4,3,3,1,1,3,3,3,3,3,3,3,2,4,6,4,4,4,4,5,8,8,8,6,6,6,8,9,9,8,,,6,6,13,11,9,10,,8,8,9,10,6,,,,,,,,1,1,1,1,2,2,2,2,,2,2,2,,2,1,1,1,2,2,2,,,,,,,,,,1,1,1,1,1,,
Stockdick Junior High Active Auxiliary Cases,,,,,,,,,,,,,,,,,,0,0,0,0,0,0,0,0,0,0,0,0,0,0,0,0,0,0,0,0,0,0,0,0,0,0,0,0,0,0,0,0,0,0,0,0,0,0,0,0,0,0,0,0,0,0,0,0,0,0,0,0,0,0,0,0,0,0,0,0,0,0,0,0,0,0,0,0,0,0,0,0,,,0,0,0,0,0,0,,0,0,0,0,0,,,,,,,,0,0,0,0,0,0,0,0,,0,0,0,,0,0,0,0,0,0,0,,,,,,,,,,0,0,0,0,0,,
Sundown Elementary Active Cases,,,,,,,,,,,,,,,,,,1,2,2,2,1,3,6,6,6,4,5,5,4,4,5,3,5,5,5,4,4,5,5,4,3,1,1,3,5,7,9,9,10,12,11,12,9,10,6,6,4,6,6,4,3,3,2,3,1,1,1,1,1,1,2,2,2,1,2,2,2,1,1,1,1,1,1,0,0,0,0,0,,,0,0,1,1,1,1,,1,1,1,1,1,,,,,,,,0,0,0,0,0,0,0,0,,1,1,1,,1,1,1,1,0,0,0,,,,,,,,,,4,3,3,4,4,,
Sundown Elementary Active Staff Cases,,,,,,,,,,,,,,,,,,1,2,2,2,1,1,2,2,2,1,1,1,1,2,3,2,2,2,2,2,2,1,1,0,0,0,0,0,0,0,0,0,0,0,0,0,0,0,0,0,0,0,0,0,0,0,0,1,1,1,1,1,1,1,1,1,1,0,0,0,0,0,0,0,0,0,0,0,0,0,0,0,,,0,0,0,0,0,0,,0,0,0,0,0,,,,,,,,0,0,0,0,0,0,0,0,,1,1,1,,1,1,1,1,0,0,0,,,,,,,,,,4,3,3,4,4,,
Sundown Elementary Active Student Cases,,,,,,,,,,,,,,,,,,0,0,0,0,0,2,4,4,4,3,4,4,3,2,2,1,3,3,3,2,2,4,4,4,3,1,1,3,5,7,9,9,10,12,11,12,9,10,6,6,4,6,6,4,3,3,2,2,0,0,0,0,0,0,1,1,1,1,2,2,2,1,1,1,1,1,1,0,0,0,0,0,,,0,0,1,1,1,1,,1,1,1,1,1,,,,,,,,0,0,0,0,0,0,0,0,,0,0,0,,0,0,0,0,0,0,0,,,,,,,,,,0,0,0,0,0,,
Sundown Elementary Active Auxiliary Cases,,,,,,,,,,,,,,,,,,0,0,0,0,0,0,0,0,0,0,0,0,0,0,0,0,0,0,0,0,0,0,0,0,0,0,0,0,0,0,0,0,0,0,0,0,0,0,0,0,0,0,0,0,0,0,0,0,0,0,0,0,0,0,0,0,0,0,0,0,0,0,0,0,0,0,0,0,0,0,0,0,,,0,0,0,0,0,0,,0,0,0,0,0,,,,,,,,0,0,0,0,0,0,0,0,,0,0,0,,0,0,0,0,0,0,0,,,,,,,,,,0,0,0,0,0,,
Taylor High School Active Cases,,,,,,,,,,,,,,,,,,10,9,12,11,10,11,11,12,16,20,18,17,17,19,22,24,21,17,13,17,16,17,17,14,13,11,11,13,11,12,10,11,11,9,10,11,10,7,6,5,6,5,6,7,7,7,7,6,6,7,5,4,5,4,5,5,5,5,3,3,2,2,3,2,2,2,2,2,3,2,2,2,,,1,1,2,3,2,2,,2,2,3,5,5,,,,,,,,1,1,1,3,4,4,5,4,,4,4,4,,7,6,7,7,13,15,20,,,,,,,,,,10,6,6,7,5,,
Taylor High School Active Staff Cases,,,,,,,,,,,,,,,,,,3,2,2,1,1,1,1,2,2,2,3,3,3,2,2,2,2,1,1,0,0,0,0,0,0,0,0,0,0,0,0,2,2,2,2,2,2,2,2,3,2,1,1,1,1,1,1,1,0,0,0,0,0,0,0,0,0,0,0,0,0,0,0,0,0,0,0,0,1,1,1,1,,,1,1,1,1,0,0,,0,0,0,1,1,,,,,,,,1,1,1,1,1,1,1,0,,0,0,0,,0,0,0,0,0,0,0,,,,,,,,,,2,2,4,5,5,,
Taylor High School Active Student Cases,,,,,,,,,,,,,,,,,,7,7,10,10,9,10,10,10,14,18,15,14,14,17,20,22,19,16,12,17,16,17,17,14,13,11,11,13,11,12,10,9,9,7,8,9,8,5,4,2,4,4,5,6,6,6,6,5,6,7,5,4,5,4,5,5,5,5,3,3,2,2,3,2,2,2,2,2,2,1,1,1,,,0,0,1,2,2,2,,2,2,3,4,4,,,,,,,,0,0,0,2,3,3,4,4,,4,4,4,,7,6,7,7,13,15,20,,,,,,,,,,8,4,2,2,0,,
Taylor High School Active Auxiliary Cases,,,,,,,,,,,,,,,,,,0,0,0,0,1,1,1,1,1,1,1,1,1,0,0,0,0,0,0,0,0,0,0,0,0,0,1,1,1,1,1,1,1,1,1,0,0,0,0,0,0,0,0,0,0,0,0,0,0,0,0,0,0,0,0,0,0,0,0,0,0,0,0,0,0,0,0,0,0,0,0,0,,,1,1,1,1,1,1,,0,0,0,0,0,,,,,,,,1,1,1,2,1,1,1,0,,0,0,0,,0,0,0,0,0,0,0,,,,,,,,,,3,3,3,2,2,,
Tays Junior High Active Cases,,,,,,,,,,,,,,,,,,6,6,8,8,8,9,11,11,10,11,12,11,11,13,17,18,20,19,20,24,25,26,26,22,20,19,20,21,19,16,14,11,10,9,9,9,6,6,3,1,1,1,1,1,1,0,0,0,2,3,3,3,3,3,3,2,2,0,0,0,0,0,0,0,0,0,0,1,1,1,1,2,,,3,2,3,3,3,2,,3,2,2,2,3,,,,,,,,2,2,0,2,2,2,3,3,,3,3,2,,1,1,0,0,0,1,1,,,,,,,,,,4,3,4,3,3,,
Tays Junior High Active Staff Cases,,,,,,,,,,,,,,,,,,0,0,0,0,0,0,1,1,1,2,2,2,2,1,1,1,3,3,3,4,4,4,4,4,4,3,2,2,2,0,0,0,0,0,0,0,0,0,0,0,0,0,0,0,0,0,0,0,0,0,0,0,0,0,0,0,0,0,0,0,0,0,0,0,0,0,0,0,0,0,0,0,,,0,0,0,0,0,0,,1,1,1,1,1,,,,,,,,0,0,0,0,0,0,0,0,,0,0,0,,0,0,0,0,0,1,1,,,,,,,,,,1,1,2,2,2,,
Tays Junior High Active Student Cases,,,,,,,,,,,,,,,,,,6,6,8,8,8,9,10,10,9,9,10,9,9,12,16,17,17,16,17,20,21,22,22,18,16,16,18,19,17,16,14,11,10,9,9,9,6,6,3,1,1,1,1,1,1,0,0,0,2,3,3,3,3,3,3,2,2,0,0,0,0,0,0,0,0,0,0,1,1,1,1,2,,,3,2,3,3,3,2,,2,1,1,1,2,,,,,,,,2,2,0,2,2,2,3,3,,3,3,2,,1,1,0,0,0,0,0,,,,,,,,,,3,2,2,1,1,,
Tays Junior High Active Auxiliary Cases,,,,,,,,,,,,,,,,,,0,0,0,0,0,0,0,0,0,0,0,0,0,0,0,0,0,0,0,0,0,1,1,1,1,1,1,1,1,1,1,0,0,0,0,0,0,0,0,0,0,0,0,0,0,0,0,0,0,0,0,0,0,0,0,0,0,0,0,0,0,0,0,0,0,0,0,0,0,0,0,0,,,0,0,0,0,0,0,,0,0,0,0,0,,,,,,,,0,0,0,0,0,0,0,0,,0,0,0,,0,0,0,0,0,0,0,,,,,,,,,,4,3,3,2,2,,
Tompkins High School Active Cases,,,,,,,,,,,,,,,,,,24,26,30,29,29,38,41,41,40,30,27,23,18,21,18,16,13,14,12,11,11,11,11,7,5,3,5,4,6,4,4,5,5,4,4,4,6,4,4,4,1,2,1,1,2,2,2,2,2,2,1,2,3,2,2,2,2,2,2,2,1,0,0,0,0,0,0,0,0,0,0,0,,,0,0,0,1,1,2,,2,5,5,5,7,,,,,,,,2,1,1,1,2,2,2,3,,4,5,5,,4,4,2,2,1,1,1,,,,,,,,,,4,3,6,8,8,,
Tompkins High School Active Staff Cases,,,,,,,,,,,,,,,,,,4,4,3,3,4,4,4,5,4,2,3,3,2,2,4,4,4,4,4,3,3,3,3,3,1,0,0,0,0,0,0,1,1,1,1,1,1,1,1,1,0,0,0,0,0,0,0,0,0,0,0,0,0,0,0,0,0,0,0,0,0,0,0,0,0,0,0,0,0,0,0,0,,,0,0,0,0,0,0,,0,0,0,0,0,,,,,,,,0,0,0,0,0,0,0,0,,0,0,0,,0,0,0,0,0,0,0,,,,,,,,,,1,1,3,4,4,,
Tompkins High School Active Student Cases,,,,,,,,,,,,,,,,,,20,22,27,26,25,34,37,36,36,28,24,20,16,19,14,12,9,10,8,8,8,8,8,4,4,3,5,4,6,4,4,4,4,3,3,3,5,3,3,3,1,2,1,1,2,2,2,2,2,2,1,2,3,2,2,2,2,2,2,2,1,0,0,0,0,0,0,0,0,0,0,0,,,0,0,0,1,1,2,,2,5,5,5,7,,,,,,,,2,1,1,1,2,2,2,3,,4,5,5,,4,4,2,2,1,1,1,,,,,,,,,,3,2,3,4,4,,
Tompkins High School Active Auxiliary Cases,,,,,,,,,,,,,,,,,,1,1,1,2,2,2,2,2,1,1,1,1,0,0,0,0,1,1,1,1,1,2,2,2,2,2,1,1,1,1,1,1,1,1,1,1,1,1,1,1,0,0,0,0,0,0,0,0,0,0,0,0,0,0,0,0,0,0,0,0,0,0,0,0,0,0,0,0,0,0,0,0,,,0,0,0,0,0,0,,0,0,0,0,0,,,,,,,,0,0,0,0,0,0,0,0,,0,0,0,,0,0,0,0,0,0,0,,,,,,,,,,0,0,0,0,1,,
West Memorial Junior High Active Cases,,,,,,,,,,,,,,,,,,9,10,10,8,8,10,13,13,14,12,12,8,7,9,10,7,7,6,6,10,9,12,15,13,12,10,9,10,9,5,5,3,2,1,1,1,0,0,0,0,0,0,0,0,0,0,0,0,0,0,1,1,0,0,0,0,0,0,0,0,0,0,0,0,1,1,1,1,2,2,2,2,,,1,1,3,3,2,4,,3,3,4,4,3,,,,,,,,1,1,1,0,0,0,0,1,,1,3,5,,5,5,5,5,5,5,4,,,,,,,,,,2,1,1,2,3,,
West Memorial Junior High Active Staff Cases,,,,,,,,,,,,,,,,,,1,2,3,2,2,3,3,3,3,3,3,1,1,1,1,0,0,0,0,0,0,0,0,0,0,0,0,0,0,0,0,0,0,0,0,0,0,0,0,0,0,0,0,0,0,0,0,0,0,0,0,0,0,0,0,0,0,0,0,0,0,0,0,0,0,0,0,0,0,0,0,0,,,0,0,1,1,1,1,,1,1,1,1,0,,,,,,,,0,0,0,0,0,0,0,0,,0,0,1,,1,1,1,1,1,1,1,,,,,,,,,,2,1,1,2,3,,
West Memorial Junior High Active Student Cases,,,,,,,,,,,,,,,,,,8,8,7,6,6,7,10,10,11,9,9,7,6,8,9,7,7,6,6,10,9,12,15,13,12,10,9,10,9,5,5,3,2,1,1,1,0,0,0,0,0,0,0,0,0,0,0,0,0,0,1,1,0,0,0,0,0,0,0,0,0,0,0,0,1,1,1,1,2,2,2,2,,,1,1,2,2,1,3,,2,2,3,3,3,,,,,,,,1,1,1,0,0,0,0,1,,1,3,4,,4,4,4,4,4,4,3,,,,,,,,,,0,0,0,0,0,,
West Memorial Junior High Active Auxiliary Cases,,,,,,,,,,,,,,,,,,0,0,0,0,0,0,0,0,0,0,0,0,0,0,0,0,0,0,0,0,0,0,0,0,0,0,0,0,0,0,0,0,0,0,0,0,0,0,0,0,0,0,0,0,0,0,0,0,0,0,0,0,0,0,0,0,0,0,0,0,0,0,0,0,0,0,0,0,0,0,0,0,,,0,0,0,0,0,0,,0,0,0,0,0,,,,,,,,0,0,0,0,0,0,0,0,,0,0,0,,0,0,0,0,0,0,0,,,,,,,,,,1,1,1,2,2,,
West Memorial Elementary Active Cases,,,,,,,,,,,,,,,,,,11,10,9,11,10,13,15,16,21,28,33,33,30,34,45,44,40,38,32,26,23,25,26,20,13,10,11,11,11,9,8,6,3,1,1,1,0,0,0,0,0,0,0,0,0,0,0,0,0,0,0,2,2,2,2,3,3,2,2,2,1,1,1,1,2,2,3,3,3,4,4,4,,,2,1,1,2,2,1,,1,1,1,1,1,,,,,,,,0,0,0,0,0,0,0,0,,0,0,0,,0,0,0,0,1,2,3,,,,,,,,,,1,1,2,5,5,,
West Memorial Elementary Active Staff Cases,,,,,,,,,,,,,,,,,,6,5,3,3,3,4,3,2,2,3,4,5,6,6,6,4,3,3,3,2,1,1,1,1,1,1,1,0,0,0,0,0,0,0,0,0,0,0,0,0,0,0,0,0,0,0,0,0,0,0,0,0,0,0,0,0,0,0,0,0,0,0,0,0,0,0,1,1,1,1,1,1,,,1,0,0,0,0,0,,0,0,0,0,0,,,,,,,,0,0,0,0,0,0,0,0,,0,0,0,,0,0,0,0,0,0,1,,,,,,,,,,1,1,2,5,5,,
West Memorial Elementary Active Student Cases,,,,,,,,,,,,,,,,,,5,5,6,8,7,9,12,14,19,25,29,28,24,28,39,40,37,35,29,24,22,24,25,19,12,9,10,11,11,9,8,6,3,1,1,1,0,0,0,0,0,0,0,0,0,0,0,0,0,0,0,2,2,2,2,3,3,2,2,2,1,1,1,1,2,2,2,2,2,3,3,3,,,1,1,1,2,2,1,,1,1,1,1,1,,,,,,,,0,0,0,0,0,0,0,0,,0,0,0,,0,0,0,0,1,2,2,,,,,,,,,,0,0,0,0,0,,
West Memorial Elementary Active Auxiliary Cases,,,,,,,,,,,,,,,,,,3,3,2,2,1,1,0,0,0,0,0,0,0,0,0,0,0,0,0,0,0,0,0,0,0,0,0,0,0,0,0,0,0,0,0,0,0,0,0,0,0,0,0,0,0,0,0,0,0,0,0,0,0,0,0,0,0,0,0,0,0,0,0,0,0,0,0,0,0,0,0,0,,,0,0,0,0,0,0,,0,0,0,0,0,,,,,,,,0,0,0,0,0,0,1,1,,1,1,1,,1,1,1,0,0,0,0,,,,,,,,,,1,0,0,0,0,,
Williams Elementary Active Cases,,,,,,,,,,,,,,,,,,3,3,4,6,6,8,9,9,10,11,7,7,7,7,10,10,8,7,6,9,9,10,12,15,13,13,19,19,25,22,22,22,22,31,40,49,51,51,52,48,48,52,50,43,35,26,21,14,9,9,5,3,3,2,2,2,2,2,2,1,1,2,2,3,4,4,4,4,4,3,3,3,,,1,0,0,0,0,0,,0,0,0,0,0,,,,,,,,0,0,0,1,1,1,1,1,,1,1,1,,0,0,0,0,0,1,2,,,,,,,,,,0,0,0,1,3,,
Williams Elementary Active Staff Cases,,,,,,,,,,,,,,,,,,0,0,0,0,0,0,0,0,0,1,1,1,2,2,3,3,3,3,3,3,3,4,4,5,4,5,5,5,5,4,4,4,4,4,3,3,3,3,3,2,2,1,1,1,1,1,1,1,1,1,1,0,0,0,0,0,0,0,0,0,0,0,0,0,0,0,0,0,0,0,0,0,,,0,0,0,0,0,0,,0,0,0,0,0,,,,,,,,0,0,0,0,0,0,0,0,,0,0,0,,0,0,0,0,0,1,1,,,,,,,,,,0,0,0,1,3,,
Williams Elementary Active Student Cases,,,,,,,,,,,,,,,,,,3,3,4,6,6,8,9,9,10,10,6,6,5,5,7,7,5,4,3,6,6,6,8,10,9,8,14,14,20,18,18,18,18,27,37,46,48,48,49,46,46,51,49,42,34,25,20,13,8,8,4,3,3,2,2,2,2,2,2,1,1,2,2,3,4,4,4,4,4,3,3,3,,,1,0,0,0,0,0,,0,0,0,0,0,,,,,,,,0,0,0,1,1,1,1,1,,1,1,1,,0,0,0,0,0,0,1,,,,,,,,,,0,0,0,0,0,,
Williams Elementary Active Auxiliary Cases,,,,,,,,,,,,,,,,,,0,0,0,1,1,1,1,1,1,1,1,1,0,0,0,0,0,0,0,0,0,0,0,0,0,0,0,0,0,0,0,0,0,0,0,0,0,0,0,0,0,0,0,0,0,0,0,0,0,0,0,0,0,0,0,0,0,0,0,0,0,1,1,1,1,1,1,1,0,0,0,0,,,0,0,0,0,0,0,,0,0,0,0,0,,,,,,,,0,0,0,0,0,0,0,0,,0,0,0,,0,0,0,0,0,0,0,,,,,,,,,,0,0,0,0,0,,
Wilson Elementary Active Cases,,,,,,,,,,,,,,,,,,2,2,4,5,6,9,14,20,19,20,20,22,20,24,27,33,31,29,28,25,27,32,34,27,21,13,14,14,16,18,16,14,10,17,17,18,15,14,12,9,5,3,4,2,1,1,1,1,1,1,0,0,0,0,0,0,0,0,0,0,0,0,0,0,3,3,3,3,4,5,5,5,,,3,3,7,8,8,10,,12,12,11,10,10,,,,,,,,3,3,1,6,6,6,5,4,,3,2,3,,1,1,1,1,1,3,3,,,,,,,,,,8,2,3,3,3,,
Wilson Elementary Active Staff Cases,,,,,,,,,,,,,,,,,,0,0,0,0,0,0,0,0,0,0,0,0,0,1,2,2,2,3,3,3,3,3,4,2,2,2,2,1,1,1,1,1,0,0,0,0,0,0,0,0,0,0,0,0,0,0,0,0,0,0,0,0,0,0,0,0,0,0,0,0,0,0,0,0,0,0,0,0,1,1,1,1,,,1,1,2,2,2,2,,2,2,2,2,2,,,,,,,,0,0,0,0,0,0,0,0,,0,0,0,,0,0,0,0,0,0,0,,,,,,,,,,2,1,2,2,2,,
Wilson Elementary Active Student Cases,,,,,,,,,,,,,,,,,,2,2,4,5,6,9,14,20,19,20,20,22,20,23,25,31,29,26,25,22,24,29,30,25,19,11,12,13,15,17,15,13,10,17,17,18,15,14,12,9,5,3,4,2,1,1,1,1,1,1,0,0,0,0,0,0,0,0,0,0,0,0,0,0,3,3,3,3,3,4,4,4,,,2,2,5,6,6,8,,10,10,9,8,8,,,,,,,,3,3,1,6,6,6,5,4,,3,2,3,,1,1,1,1,1,3,3,,,,,,,,,,6,1,1,1,1,,
Wilson Elementary Active Auxiliary Cases,,,,,,,,,,,,,,,,,,0,0,0,0,0,0,0,0,0,0,0,0,0,0,0,0,0,0,0,0,0,0,0,0,0,0,0,0,0,0,0,0,0,0,0,0,0,0,0,0,0,0,0,0,0,0,0,0,0,0,0,0,0,0,0,0,0,0,0,0,0,0,0,0,0,0,0,0,0,0,0,0,,,0,0,1,1,1,1,,1,1,1,1,0,,,,,,,,0,0,0,0,0,0,0,0,,0,0,0,,0,0,0,0,0,0,0,,,,,,,,,,0,0,0,0,0,,
Winborn Elementary Active Cases,,,,,,,,,,,,,,,,,,3,2,2,2,3,4,3,3,5,5,5,5,5,6,4,6,6,6,6,6,7,9,17,22,20,19,21,24,24,20,20,18,5,4,3,4,2,3,3,3,3,3,3,2,1,0,0,0,1,2,2,2,2,2,1,1,1,1,0,0,0,0,0,0,0,0,0,0,0,0,0,0,,,0,0,0,0,0,0,,0,0,0,3,4,,,,,,,,4,1,0,0,0,0,1,1,,1,3,3,,3,3,2,2,0,1,1,,,,,,,,,,0,0,0,1,2,,
Winborn Elementary Active Staff Cases,,,,,,,,,,,,,,,,,,1,0,0,0,0,0,0,0,0,0,0,0,0,0,0,1,1,1,2,2,2,3,3,3,3,2,2,1,1,1,1,0,0,0,0,0,0,0,0,0,0,0,0,0,0,0,0,0,0,0,0,0,0,0,0,0,0,0,0,0,0,0,0,0,0,0,0,0,0,0,0,0,,,0,0,0,0,0,0,,0,0,0,2,2,,,,,,,,2,0,0,0,0,0,0,0,,0,0,0,,0,0,0,0,0,0,0,,,,,,,,,,0,0,0,1,2,,
Winborn Elementary Active Student Cases,,,,,,,,,1,,,,,,,,,2,2,2,2,3,4,3,3,5,5,5,5,5,6,4,5,5,5,4,4,5,6,14,19,17,17,19,23,23,19,19,18,5,4,3,4,2,3,3,3,3,3,3,2,1,0,0,0,1,2,2,2,2,2,1,1,1,1,0,0,0,0,0,0,0,0,0,0,0,0,0,0,,,0,0,0,0,0,0,,0,0,0,1,2,,,,,,,,2,1,0,0,0,0,1,1,,1,3,3,,3,3,2,2,0,1,1,,,,,,,,,,0,0,0,0,0,,
Winborn Elementary Active Auxiliary Cases,,,,,,,,,0,,,,,,,,,0,0,0,0,0,0,0,0,0,0,0,0,0,0,0,0,0,0,0,0,0,0,0,0,0,0,0,0,0,0,0,0,0,0,0,0,0,0,0,0,0,0,0,0,0,0,0,0,0,0,0,0,0,0,0,0,0,0,0,0,0,0,0,0,0,0,0,0,0,0,0,0,,,0,0,0,0,0,0,,0,0,0,0,0,,,,,,,,0,0,0,0,0,0,0,0,,0,0,0,,0,0,0,0,0,0,0,,,,,,,,,,0,0,0,0,0,,
Wolfe Elementary Active Cases,,,,,,,,,0,,,,,,,,,3,3,3,3,3,4,4,4,5,2,2,2,3,4,3,3,3,3,2,1,1,3,3,3,2,2,2,2,2,2,2,0,0,1,1,1,1,0,0,0,0,0,0,0,0,0,0,0,0,0,3,3,3,3,3,2,2,2,2,0,0,0,0,0,0,0,0,0,0,0,0,0,,,0,0,0,1,1,1,,1,1,1,1,1,,,,,,,,0,0,0,0,0,0,0,0,,1,1,1,,1,1,1,1,1,1,1,,,,,,,,,,0,0,0,1,1,,
Wolfe Elementary Active Staff Cases,,,,,,,,,0,,,,,,,,,0,0,0,0,0,1,1,1,1,1,1,1,1,1,0,0,0,1,1,1,1,1,1,1,0,0,0,0,0,0,0,0,0,0,0,0,0,0,0,0,0,0,0,0,0,0,0,0,0,0,0,0,0,0,0,0,0,0,0,0,0,0,0,0,0,0,0,0,0,0,0,0,,,0,0,0,0,0,0,,0,0,0,0,0,,,,,,,,0,0,0,0,0,0,0,0,,1,1,1,,1,1,1,1,1,1,1,,,,,,,,,,0,0,0,0,0,,
Wolfe Elementary Active Student Cases,,,,,,,,,0,,,,,,,,,3,3,3,3,3,3,3,3,4,1,1,1,2,3,3,3,3,2,1,0,0,2,2,2,2,2,2,2,2,2,2,0,0,1,1,1,1,0,0,0,0,0,0,0,0,0,0,0,0,0,3,3,3,3,3,2,2,2,2,0,0,0,0,0,0,0,0,0,0,0,0,0,,,0,0,0,1,1,1,,1,1,1,1,1,,,,,,,,0,0,0,0,0,0,0,0,,0,0,0,,0,0,0,0,0,0,0,,,,,,,,,,0,0,0,1,1,,
Wolfe Elementary Active Auxiliary Cases,,,,,,,,,0,,,,,,,,0,0,0,0,0,0,0,0,0,0,0,0,0,0,0,0,0,0,0,0,0,0,0,0,0,0,0,0,0,0,0,0,0,0,0,0,0,0,0,0,0,0,0,0,0,0,0,0,0,0,0,0,0,0,0,0,0,0,0,0,0,0,0,0,0,0,0,0,0,0,0,0,0,,,0,0,0,0,0,0,,0,0,0,0,0,,,,,,,,0,0,0,0,0,0,0,0,,0,0,0,,0,0,0,0,0,0,0,,,,,,,,,,0,0,0,0,0,,
Wolman Elementary Active Cases,,,,,,,,0,4,,,,,,,9,19,22,30,32,31,31,34,38,40,33,27,22,19,16,16,12,9,10,11,12,8,8,8,8,5,5,5,4,2,2,2,2,0,1,1,1,1,1,1,1,1,1,1,1,1,1,1,1,1,1,2,2,1,1,1,1,1,1,1,0,0,0,0,1,1,1,1,1,1,1,1,1,1,,,0,0,0,0,0,0,,0,0,0,1,1,,,,,,,,1,0,0,0,0,0,0,0,,0,0,0,,2,2,2,3,4,4,4,,,,,,,,,,0,0,1,1,1,,
Wolman Elementary Active Staff Cases,,,,,,,,0,3,,,,,,,4,4,4,5,5,4,4,4,3,3,2,2,2,1,2,2,2,2,3,5,5,4,4,4,4,2,2,1,1,0,0,0,0,0,0,0,0,0,0,0,0,0,0,0,0,0,0,0,0,0,0,0,0,0,0,0,0,0,0,0,0,0,0,0,0,0,0,0,0,0,0,0,0,0,,,0,0,0,0,0,0,,0,0,0,0,0,,,,,,,,0,0,0,0,0,0,0,0,,0,0,0,,0,0,0,0,0,0,0,,,,,,,,,,0,0,0,0,0,,
Wolman Elementary Active Student Cases,,,,,,,,0,1,,,,,,,5,15,18,25,27,27,27,30,35,37,31,25,20,18,14,14,10,7,7,6,7,4,4,4,4,3,3,4,3,2,2,2,2,0,1,1,1,1,1,1,1,1,1,1,1,1,1,1,1,1,1,2,2,1,1,1,1,1,1,1,0,0,0,0,1,1,1,1,1,1,1,1,1,1,,,0,0,0,0,0,0,,0,0,0,1,1,,,,,,,,1,0,0,0,0,0,0,0,,0,0,0,,2,2,2,3,4,4,4,,,,,,,,,,0,0,1,1,1,,
Wolman Elementary Active Auxiliary Cases,,,,,,,,0,0,,,,,,,0,0,0,0,0,0,0,0,0,0,0,0,0,0,0,1,1,1,1,1,1,1,1,0,0,0,0,0,0,0,0,0,0,0,0,0,0,0,0,0,0,0,0,0,0,0,0,0,0,0,0,0,0,0,0,0,0,0,0,0,0,0,0,0,0,0,0,0,0,0,0,0,0,0,,,0,0,0,0,0,0,,0,0,0,0,0,,,,,,,,0,0,0,0,0,0,0,0,,0,0,0,,0,0,0,0,0,0,0,,,,,,,,,,0,0,0,0,0,,
WoodCreek Junior High Active Cases,,,,,,,,,1,,,,,,,,12,11,9,9,7,4,8,10,11,11,11,15,15,16,18,21,21,20,17,15,14,14,18,23,14,10,10,13,18,17,17,16,14,13,14,15,14,11,6,3,3,2,1,1,1,2,4,4,4,6,6,7,7,6,6,4,4,3,4,3,4,3,4,4,4,4,4,3,3,3,3,3,2,,,2,1,1,1,0,0,,0,0,0,1,1,,,,,,,,1,1,0,0,3,3,3,4,,3,3,3,,1,1,0,0,1,2,4,,,,,,,,,,4,4,5,4,6,,
WoodCreek Junior High Active Staff Cases,,,,,,,,,1,,,,,,,,1,0,0,0,0,0,0,0,0,0,0,2,2,2,4,5,5,5,5,4,3,3,4,4,1,1,1,2,2,2,2,2,1,1,1,1,1,0,0,0,0,0,0,0,0,0,0,0,0,0,0,0,0,0,0,0,0,0,0,0,1,1,1,1,1,1,2,2,2,1,1,1,1,,,1,0,0,0,0,0,,0,0,0,0,0,,,,,,,,0,0,0,0,0,0,0,0,,0,0,0,,0,0,0,0,0,0,0,,,,,,,,,,4,4,5,4,3,,
WoodCreek Junior High Active Student Cases,,,,,,,,,0,,,,,,,,11,11,9,9,7,4,8,10,11,11,11,13,13,14,14,16,16,15,12,11,11,11,14,19,13,9,9,11,16,15,15,14,13,12,13,14,13,11,6,3,3,2,1,1,1,2,4,4,4,6,6,7,7,6,6,4,4,3,4,3,3,2,3,3,3,3,2,1,1,2,2,2,1,,,1,1,1,1,0,0,,0,0,0,1,1,,,,,,,,1,1,0,0,3,3,3,4,,3,3,3,,1,1,0,0,1,2,4,,,,,,,,,,0,0,0,0,3,,
WoodCreek Junior High Active Auxiliary Cases,,,,,,,,,1,,,,,,,,0,0,0,0,0,0,0,0,0,0,0,0,0,0,0,0,0,0,0,0,0,0,1,1,1,1,1,1,1,1,1,1,0,0,0,0,0,0,0,0,0,0,0,0,0,0,0,0,0,0,0,0,0,0,0,0,0,0,0,0,0,0,0,0,0,0,0,0,0,0,0,0,0,,,0,0,0,0,0,0,,0,0,0,0,0,,,,,,,,0,0,0,0,1,1,1,1,,1,0,0,,0,0,0,0,0,0,0,,,,,,,,,,0,0,0,0,0,,
WoodCreek Elementary Active Cases,,,,,,,,,,,,,,,,,,6,8,7,7,8,11,11,16,26,26,26,27,23,26,26,27,25,21,18,18,18,22,23,21,14,12,13,18,21,22,21,19,16,23,20,19,18,14,11,6,3,3,2,1,1,1,0,0,0,1,1,3,3,3,3,3,3,3,3,2,2,0,0,0,1,2,2,2,4,4,4,4,,,2,1,4,4,5,7,,8,13,21,26,30,,,,,,,,9,9,4,5,6,7,9,7,,4,6,6,,5,3,2,2,4,3,4,,,,,,,,,,8,8,8,7,8,,
WoodCreek Elementary Active Staff Cases,,,,,,,,,,,,,,,,,,0,0,0,0,0,0,0,0,0,0,0,0,0,2,2,4,4,5,5,5,5,5,5,3,3,2,2,2,2,3,3,3,3,3,1,1,1,1,1,0,0,0,0,0,0,0,0,0,0,0,0,0,0,0,0,0,0,0,0,0,0,0,0,0,0,0,0,0,0,0,0,0,,,0,0,1,1,1,1,,1,1,1,1,0,,,,,,,,0,0,0,0,0,0,1,1,,1,1,1,,0,0,0,0,0,0,0,,,,,,,,,,6,6,6,6,7,,
WoodCreek Elementary Active Student Cases,,,,,,,,,,,,,,,,,,6,8,7,7,8,11,11,16,26,26,26,27,23,24,24,23,21,16,13,13,13,17,18,18,11,10,11,16,19,19,18,16,13,20,19,18,17,13,10,6,3,3,2,1,1,1,0,0,0,1,1,3,3,3,3,3,3,3,3,2,2,0,0,0,1,2,2,2,4,4,4,4,,,2,1,3,3,4,6,,7,12,20,25,30,,,,,,,,9,9,4,5,6,7,8,6,,3,5,5,,5,3,2,2,4,3,4,,,,,,,,,,2,2,2,1,1,,
WoodCreek Elementary Active Auxiliary Cases,,,,,,,,,,,,,,,,,,0,0,0,0,0,0,0,0,0,0,0,0,0,0,0,0,0,0,0,0,0,1,1,1,1,1,1,1,1,1,1,0,0,0,0,0,0,0,0,0,0,0,0,0,0,0,0,0,0,0,0,0,0,0,0,0,0,0,0,0,0,0,0,0,0,0,0,0,0,0,0,0,,,0,0,0,0,0,0,,0,1,1,1,1,,,,,,,,0,0,0,0,0,0,0,0,,0,0,0,,0,0,0,0,0,0,0,,,,,,,,,,0,0,0,0,0,,
Elementary Cumulative,,,,,,,,,,,,,,,,,,,,590,611,634,714,812,885,970,1047,1070,1099,1131,1242,1329,1405,1485,1508,1520,1594,1612,1699,1744,1793,1806,1812,1886,1940,1989,2020,2032,2039,2047,2132,2174,2212,2234,2265,2276,2279,2315,2347,2377,2402,2430,2439,2441,2450,2486,2521,2547,2570,2575,2578,2608,2633,2647,2668,2690,2694,2696,2717,2735,2752,2773,2787,2790,2792,2817,2830,2845,2852,,,2860,2861,2903,2918,2933,2955,,2963,2987,3010,3032,3055,,,,,,,,3099,3099,3104,3137,3142,3160,3172,3176,,3182,3209,3226,,3249,3257,3260,3266,3302,3335,3368,,,,,,,,,,3558,3563,3580,3608,3631,,
Percent of Elementary Staff with Active Case,,,,,,,,,,,,,,,,,,,,,,0.86,1.01,1.09,1.05,1.07,1.03,0.99,0.99,1.05,1.31,1.48,1.44,1.42,1.52,1.48,1.35,1.33,1.37,1.42,1.14,1.01,0.84,0.86,0.75,0.75,0.73,0.69,0.64,0.64,0.62,0.58,0.56,0.47,0.51,0.47,0.39,0.34,0.41,0.45,0.45,0.47,0.49,0.51,0.58,0.62,0.73,0.69,0.62,0.6,0.54,0.54,0.49,0.49,0.45,0.47,0.39,0.32,0.3,0.28,0.32,0.32,0.28,0.3,0.21,0.28,0.28,0.32,0.34,,,0.32,0.3,0.41,0.34,0.34,0.39,,0.3,0.3,0.3,0.32,0.32,,,,,,,,0.45,0.3,0.32,0.26,0.26,0.3,0.32,0.34,,0.26,0.24,0.24,,0.32,0.3,0.28,0.32,0.34,0.45,0.6,,,,,,,,,,2.08,1.76,1.93,2.34,2.64,,
Percent of Elementary Students with Active Case,,,,,,,,,,,,,,,,,,,,,,0.69,0.87,1.04,1.17,1.2,1.23,1.14,1.06,0.93,1.07,1.19,1.18,1.17,1.04,0.94,0.92,0.88,1,1.03,0.93,0.77,0.66,0.7,0.76,0.84,0.8,0.77,0.63,0.52,0.62,0.67,0.71,0.67,0.65,0.57,0.49,0.51,0.53,0.56,0.52,0.49,0.43,0.37,0.31,0.35,0.4,0.4,0.39,0.35,0.31,0.33,0.33,0.34,0.36,0.35,0.31,0.28,0.28,0.29,0.31,0.3,0.3,0.27,0.21,0.24,0.24,0.26,0.23,,,0.14,0.11,0.19,0.21,0.22,0.23,,0.21,0.25,0.29,0.32,0.33,,,,,,,,0.1,0.08,0.04,0.1,0.11,0.14,0.15,0.14,,0.13,0.16,0.18,,0.17,0.16,0.15,0.14,0.2,0.25,0.29,,,,,,,,,,0.14,0.07,0.07,0.07,0.06,,
Junior High Cumulative,,,,,,,,,,,,,,,,,,,,233,243,290,290,329,365,398,419,434,443,456,504,556,590,2777,624,631,671,679,716,750,767,775,778,3540,835,855,871,878,883,887,912,921,943,950,957,959,960,973,981,988,996,1003,1008,1009,1012,1028,1039,1047,1050,1050,1053,1054,1062,1068,1071,1075,1077,1078,1084,1091,1092,1096,4977,1101,1103,1112,1120,1126,1132,,,1135,1135,1154,1156,1157,1163,,1169,1175,1181,1183,1186,,,,,,,,1202,1202,1204,1213,1218,1220,1223,1226,,1228,1233,1238,,1247,1250,1251,1251,1262,1274,1290,,,,,,,,,,1361,1361,1368,1379,1386,,
Percent of Junior High Staff with Active Case,,,,,,,,,,,,,,,,,,,,,,0.95,0.95,1.1,1.15,1.1,1.15,1.15,1,1.05,1.35,1.3,1.4,1.5,1.45,1.35,1.25,1.25,1.3,1.35,1,1.05,0.7,0.7,0.75,0.75,0.65,0.7,0.45,0.4,0.4,0.3,0.4,0.4,0.35,0.3,0.3,0.35,0.4,0.45,0.45,0.35,0.3,0.3,0.25,0.2,0.25,0.2,0.25,0.2,0.25,0.2,0.2,0.2,0.2,0.2,0.2,0.25,0.25,0.2,0.2,0.2,0.25,0.25,0.25,0.15,0.25,0.25,0.2,,,0.15,0.1,0.2,0.25,0.25,0.2,,0.35,0.4,0.45,0.45,0.35,,,,,,,,0.15,0.15,0.15,0.1,0.1,0.1,0.1,0.1,,0.1,0.15,0.2,,0.15,0.15,0.15,0.15,0.3,0.45,0.6,,,,,,,,,,1.95,1.65,1.45,1.6,1.45,,
Percent of Junior High Students with Active Case,,,,,,,,,,,,,,,,,,,,,,0.66,0.66,0.78,0.9,0.95,0.96,0.92,0.85,0.8,0.9,1.07,1.07,1.04,0.89,0.82,0.89,0.86,0.98,0.87,0.85,0.75,0.66,0.59,0.73,0.72,0.69,0.66,0.52,0.48,0.51,0.51,0.59,0.51,0.45,0.37,0.3,0.32,0.34,0.34,0.28,0.27,0.24,0.21,0.18,0.25,0.3,0.3,0.28,0.23,0.22,0.16,0.17,0.18,0.17,0.15,0.13,0.11,0.13,0.16,0.15,0.14,0.13,0.1,0.1,0.14,0.16,0.18,0.17,,,0.15,0.13,0.21,0.2,0.15,0.15,,0.11,0.17,0.13,0.14,0.12,,,,,,,,0.06,0.05,0.04,0.07,0.09,0.09,0.08,0.08,,0.08,0.09,0.09,,0.1,0.09,0.08,0.08,0.11,0.15,0.19,,,,,,,,,,0.11,0.08,0.06,0.06,0.07,,
High Cumulative,,,,,,,,,,,,,,,,,,,,286,295,342,1435,372,398,428,449,453,458,470,512,541,574,588,595,603,638,650,672,695,714,722,729,751,773,793,803,812,820,822,831,842,852,861,865,865,868,874,883,888,895,898,901,901,902,909,916,923,929,931,932,4718,942,942,950,952,953,953,957,960,962,963,965,965,967,973,974,975,980,,,982,982,986,991,994,998,,1000,1012,1014,1021,1025,,,,,,,,1030,1031,1035,1046,1053,1058,1059,1064,,1070,1072,1074,,1083,1088,1091,1094,1117,1124,1146,,,,,,,,,,1221,1222,1238,1249,1259,,
Percent of High School Staff with Active Case,,,,,,,,,,,,,,,,,,,,,,1.03,1.03,1.11,1.23,1.27,1.19,1.19,1.03,1.03,1.31,1.39,1.51,1.39,1.39,1.31,1.23,1.19,1.27,1.23,0.95,0.71,0.56,0.48,0.44,0.48,0.32,0.36,0.48,0.4,0.44,0.4,0.44,0.44,0.44,0.44,0.52,0.44,0.48,0.52,0.44,0.44,0.32,0.24,0.2,0.16,0.16,0.08,0.08,0.04,0.04,0.08,0.2,0.21,0.16,0.16,0.16,0.16,0.2,0.2,0.2,0.16,0.16,0.16,0.04,0.12,0.18,0.12,0.12,,,0.16,0.16,0.16,0.2,0.08,0.08,,0.12,0.12,0.12,0.16,0.16,,,,,,,,0.12,0.12,0.16,0.12,0.08,0.08,0.08,0.04,,0.16,0.12,0.12,,0.08,0.08,0.08,0.12,0.16,0.16,0.28,,,,,,,,,,0.83,0.79,1.03,1.19,1.19,,
Percent of High School Students with Active Case,,,,,,,,,,,,,,,,,,,,,,0.59,0.73,0.64,0.61,0.62,0.61,0.53,0.47,0.41,0.46,0.5,0.53,0.49,0.44,0.4,0.44,0.46,0.5,0.55,0.52,0.44,0.4,0.59,0.43,0.45,0.43,0.44,0.37,0.32,0.29,0.27,0.28,0.27,0.22,0.18,0.15,0.13,0.13,0.14,0.14,0.12,0.12,0.1,0.1,0.11,0.13,0.13,0.12,0.12,0.1,0.1,0.11,0.22,0.11,0.1,0.08,0.06,0.05,0.05,0.05,0.05,0.05,0.05,0.04,0.05,0.16,0.05,0.05,,,0.04,0.03,0.04,0.16,0.06,0.07,,0.06,0.09,0.09,0.11,0.12,,,,,,,,0.02,0.01,0.02,0.04,0.09,0.08,0.09,0.1,,0.1,0.1,0.09,,0.1,0.08,0.07,0.08,0.15,0.16,0.22,,,,,,,,,,0.11,0.08,0.06,0.06,0.07,,
Percent of Total Staff with Active Case,,,,,,,,,,,,,,,,,,,,,,0.61,0.76,0.82,0.84,0.84,0.81,0.8,0.72,0.76,0.94,0.99,1,0.98,1,0.94,0.9,0.89,0.94,0.94,0.74,0.66,0.51,0.53,0.49,0.5,0.43,0.45,0.4,0.38,0.38,0.35,0.37,0.33,0.34,0.32,0.31,0.28,0.31,0.35,0.33,0.33,0.3,0.29,0.29,0.29,0.33,0.29,0.27,0.25,0.22,0.23,0.2,0.21,0.22,0.23,0.2,0.18,0.2,0.18,0.2,0.2,0.19,0.19,0.14,0.15,0.18,0.2,0.18,,,0.18,0.16,0.21,0.2,0.17,0.18,,0.17,0.18,0.2,0.21,0.2,,,,,,,,0.18,0.14,0.16,0.13,0.13,0.14,0.15,0.16,,0.15,0.14,0.14,,0.15,0.14,0.13,0.15,0.18,0.24,0.33,,,,,,,,,,1.24,1.09,1.17,1.4,1.49,,
Percent of Total Students with Active Case,,,,,,,,,,,,,,,,,,,,,,0.58,0.73,0.85,0.92,0.95,0.96,0.89,0.82,0.73,0.84,0.94,0.94,0.92,0.81,0.74,0.76,0.74,0.83,0.87,0.78,0.66,0.58,0.59,0.65,0.68,0.66,0.64,0.52,0.45,0.49,0.5,0.54,0.5,0.46,0.4,0.34,0.34,0.36,0.37,0.34,0.32,0.28,0.25,0.21,0.25,0.29,0.29,0.28,0.25,0.22,0.22,0.22,0.22,0.24,0.22,0.19,0.17,0.17,0.18,0.19,0.18,0.18,0.16,0.13,0.16,0.16,0.17,0.16,,,0.11,0.09,0.14,0.16,0.15,0.16,,0.14,0.17,0.19,0.21,0.21,,,,,,,,0.06,0.05,0.04,0.08,0.09,0.11,0.11,0.11,,0.11,0.13,0.13,,0.13,0.12,0.11,0.11,0.16,0.19,0.24,,,,,,,,,,0.12,0.08,0.06,0.06,0.06,,